,duration
0,6
1,11
2,52
3,16
4,10
5,43
6,50
7,27
8,33
9,7
10,11
11,63
12,16
13,5
14,8
15,13
16,59
17,51
18,16
19,9
20,47
21,2
22,6
23,37
24,2
25,27
26,67
27,51
28,30
29,31
30,60
31,4
32,81
33,2
34,1
35,11
36,17
37,20
38,58
39,18
40,5
41,129
42,43
43,28
44,11
45,51
46,34
47,105
48,34
49,23
50,25
51,14
52,64
53,16
54,68
55,63
56,63
57,5
58,74
59,7
60,10
61,10
62,18
63,47
64,33
65,98
66,22
67,41
68,28
69,4
70,23
71,14
72,2
73,18
74,66
75,79
76,3
77,7
78,7
79,46
80,2
81,33
82,28
83,46
84,11
85,25
86,12
87,32
88,6
89,23
90,44
91,32
92,95
93,3
94,14
95,18
96,10
97,1
98,7
99,6
100,47
101,104
102,25
103,75
104,25
105,44
106,2
107,16
108,1
109,32
110,106
111,30
112,42
113,22
114,36
115,38
116,44
117,6
118,14
119,1
120,9
121,12
122,81
123,38
124,8
125,95
126,2
127,67
128,3
129,30
130,17
131,73
132,2
133,2
134,228
135,22
136,23
137,4
138,18
139,27
140,74
141,24
142,4
143,23
144,9
145,15
146,20
147,43
148,32
149,18
150,19
151,123
152,23
153,30
154,75
155,13
156,12
157,15
158,43
159,22
160,10
161,10
162,86
163,43
164,10
165,6
166,152
167,9
168,29
169,30
170,33
171,59
172,15
173,54
174,78
175,32
176,16
177,8
178,6
179,16
180,20
181,39
182,92
183,3
184,29
185,62
186,45
187,66
188,28
189,134
190,39
191,15
192,73
193,44
194,14
195,29
196,100
197,11
198,154
199,19
200,11
201,39
202,72
203,28
204,10
205,17
206,47
207,26
208,10
209,20
210,31
211,20
212,116
213,13
214,12
215,145
216,4
217,175
218,6
219,24
220,75
221,30
222,7
223,11
224,72
225,45
226,107
227,35
228,6
229,48
230,19
231,36
232,46
233,20
234,73
235,50
236,56
237,37
238,7
239,35
240,50
241,42
242,38
243,3
244,59
245,6
246,26
247,25
248,3
249,9
250,74
251,8
252,44
253,63
254,5
255,98
256,86
257,18
258,21
259,16
260,91
261,120
262,61
263,7
264,75
265,36
266,32
267,19
268,9
269,30
270,17
271,73
272,162
273,5
274,9
275,39
276,61
277,8
278,103
279,29
280,5
281,118
282,67
283,9
284,25
285,26
286,16
287,8
288,13
289,10
290,34
291,9
292,19
293,30
294,9
295,2
296,44
297,14
298,18
299,29
300,5
301,20
302,43
303,43
304,159
305,105
306,58
307,28
308,51
309,77
310,87
311,36
312,8
313,24
314,4
315,15
316,10
317,151
318,61
319,23
320,49
321,39
322,44
323,55
324,16
325,31
326,5
327,29
328,46
329,54
330,5
331,8
332,37
333,17
334,41
335,106
336,23
337,4
338,9
339,6
340,15
341,49
342,15
343,58
344,88
345,131
346,23
347,7
348,15
349,8
350,53
351,15
352,33
353,50
354,75
355,7
356,26
357,4
358,17
359,46
360,133
361,13
362,35
363,1
364,40
365,6
366,17
367,22
368,39
369,7
370,59
371,19
372,124
373,21
374,75
375,80
376,50
377,9
378,5
379,4
380,7
381,22
382,31
383,85
384,115
385,82
386,62
387,2
388,82
389,35
390,5
391,27
392,1
393,30
394,1
395,106
396,100
397,11
398,16
399,86
400,44
401,16
402,50
403,13
404,27
405,22
406,3
407,18
408,110
409,36
410,14
411,2
412,2
413,4
414,7
415,7
416,4
417,82
418,18
419,11
420,44
421,92
422,211
423,54
424,14
425,21
426,76
427,20
428,39
429,24
430,151
431,73
432,6
433,22
434,33
435,67
436,66
437,61
438,27
439,35
440,29
441,69
442,35
443,123
444,10
445,4
446,6
447,68
448,44
449,10
450,12
451,49
452,1
453,13
454,112
455,66
456,3
457,43
458,83
459,10
460,32
461,33
462,7
463,42
464,12
465,14
466,53
467,13
468,12
469,14
470,33
471,31
472,6
473,17
474,17
475,9
476,22
477,45
478,27
479,81
480,53
481,7
482,92
483,119
484,30
485,34
486,16
487,27
488,66
489,48
490,41
491,38
492,18
493,66
494,89
495,1
496,61
497,131
498,3
499,51
500,5
501,88
502,6
503,10
504,85
505,21
506,3
507,1
508,92
509,55
510,32
511,9
512,32
513,81
514,19
515,14
516,26
517,25
518,20
519,47
520,22
521,84
522,24
523,18
524,60
525,45
526,4
527,67
528,3
529,11
530,63
531,15
532,60
533,50
534,7
535,42
536,104
537,11
538,16
539,18
540,56
541,64
542,4
543,103
544,25
545,8
546,62
547,25
548,1
549,76
550,80
551,47
552,21
553,64
554,36
555,15
556,4
557,72
558,1
559,107
560,33
561,10
562,28
563,5
564,8
565,67
566,33
567,41
568,66
569,35
570,37
571,32
572,55
573,6
574,78
575,3
576,54
577,13
578,75
579,34
580,2
581,43
582,6
583,48
584,34
585,9
586,17
587,53
588,25
589,3
590,12
591,5
592,4
593,39
594,46
595,5
596,45
597,44
598,7
599,22
600,17
601,45
602,20
603,23
604,67
605,109
606,21
607,19
608,1
609,26
610,35
611,11
612,48
613,99
614,6
615,19
616,37
617,2
618,17
619,54
620,68
621,16
622,87
623,69
624,14
625,18
626,78
627,28
628,35
629,5
630,30
631,32
632,64
633,62
634,38
635,4
636,54
637,2
638,65
639,15
640,7
641,17
642,26
643,67
644,59
645,70
646,21
647,78
648,30
649,47
650,48
651,73
652,3
653,18
654,58
655,21
656,27
657,2
658,15
659,48
660,35
661,4
662,35
663,31
664,80
665,27
666,11
667,22
668,51
669,28
670,64
671,16
672,14
673,110
674,25
675,3
676,24
677,16
678,21
679,8
680,40
681,9
682,47
683,7
684,29
685,5
686,61
687,39
688,18
689,4
690,38
691,14
692,7
693,8
694,6
695,28
696,29
697,84
698,17
699,2
700,5
701,14
702,82
703,24
704,17
705,43
706,102
707,10
708,72
709,53
710,50
711,9
712,1
713,31
714,28
715,71
716,31
717,64
718,62
719,25
720,31
721,26
722,8
723,8
724,13
725,26
726,9
727,78
728,15
729,116
730,21
731,3
732,14
733,15
734,15
735,53
736,3
737,69
738,24
739,29
740,36
741,102
742,7
743,25
744,25
745,50
746,5
747,3
748,36
749,3
750,17
751,15
752,39
753,25
754,16
755,16
756,3
757,1
758,14
759,126
760,9
761,8
762,64
763,3
764,11
765,2
766,4
767,108
768,90
769,37
770,65
771,20
772,42
773,83
774,29
775,20
776,84
777,24
778,48
779,86
780,58
781,57
782,20
783,42
784,22
785,61
786,57
787,10
788,17
789,3
790,20
791,6
792,30
793,28
794,45
795,25
796,25
797,32
798,65
799,14
800,9
801,25
802,9
803,37
804,39
805,13
806,25
807,2
808,30
809,57
810,31
811,161
812,3
813,230
814,13
815,4
816,45
817,57
818,54
819,3
820,14
821,19
822,116
823,45
824,5
825,37
826,3
827,42
828,1
829,25
830,3
831,35
832,25
833,81
834,2
835,3
836,2
837,42
838,59
839,21
840,120
841,59
842,14
843,138
844,26
845,49
846,10
847,1
848,103
849,20
850,9
851,31
852,18
853,34
854,76
855,75
856,50
857,44
858,170
859,40
860,58
861,15
862,47
863,16
864,22
865,27
866,1
867,38
868,83
869,12
870,10
871,98
872,79
873,23
874,56
875,54
876,3
877,81
878,48
879,49
880,18
881,55
882,82
883,31
884,13
885,1
886,57
887,55
888,4
889,15
890,68
891,1
892,32
893,3
894,5
895,14
896,49
897,22
898,22
899,25
900,7
901,28
902,54
903,91
904,65
905,14
906,17
907,21
908,7
909,1
910,10
911,81
912,77
913,1
914,69
915,61
916,43
917,4
918,67
919,72
920,77
921,42
922,5
923,18
924,70
925,45
926,2
927,26
928,23
929,12
930,116
931,8
932,46
933,10
934,33
935,38
936,75
937,15
938,84
939,3
940,25
941,19
942,136
943,9
944,15
945,4
946,32
947,2
948,52
949,89
950,2
951,23
952,61
953,8
954,102
955,29
956,25
957,6
958,22
959,5
960,38
961,32
962,16
963,100
964,12
965,18
966,5
967,72
968,36
969,55
970,3
971,30
972,21
973,22
974,54
975,11
976,5
977,15
978,3
979,35
980,36
981,100
982,22
983,36
984,11
985,64
986,18
987,172
988,146
989,58
990,83
991,18
992,32
993,20
994,129
995,44
996,12
997,2
998,41
999,25
1000,13
1001,26
1002,60
1003,17
1004,33
1005,35
1006,63
1007,52
1008,43
1009,18
1010,28
1011,28
1012,5
1013,36
1014,36
1015,29
1016,79
1017,20
1018,8
1019,52
1020,33
1021,68
1022,32
1023,47
1024,10
1025,58
1026,61
1027,84
1028,15
1029,46
1030,10
1031,2
1032,29
1033,4
1034,109
1035,34
1036,39
1037,9
1038,47
1039,7
1040,42
1041,7
1042,19
1043,9
1044,7
1045,16
1046,7
1047,7
1048,94
1049,12
1050,82
1051,9
1052,48
1053,37
1054,33
1055,6
1056,20
1057,16
1058,157
1059,49
1060,13
1061,30
1062,12
1063,4
1064,5
1065,56
1066,37
1067,47
1068,10
1069,100
1070,10
1071,65
1072,87
1073,50
1074,72
1075,41
1076,16
1077,31
1078,117
1079,116
1080,7
1081,8
1082,67
1083,153
1084,1
1085,2
1086,14
1087,23
1088,29
1089,93
1090,6
1091,130
1092,32
1093,11
1094,63
1095,32
1096,39
1097,15
1098,4
1099,81
1100,31
1101,104
1102,8
1103,24
1104,42
1105,5
1106,78
1107,24
1108,35
1109,59
1110,3
1111,34
1112,11
1113,59
1114,17
1115,20
1116,4
1117,2
1118,107
1119,21
1120,30
1121,62
1122,11
1123,71
1124,16
1125,16
1126,63
1127,20
1128,9
1129,128
1130,33
1131,50
1132,14
1133,99
1134,21
1135,11
1136,27
1137,12
1138,33
1139,10
1140,81
1141,103
1142,81
1143,36
1144,9
1145,155
1146,7
1147,10
1148,51
1149,5
1150,18
1151,13
1152,37
1153,73
1154,96
1155,71
1156,94
1157,96
1158,19
1159,2
1160,15
1161,30
1162,19
1163,19
1164,10
1165,5
1166,10
1167,2
1168,7
1169,28
1170,7
1171,47
1172,24
1173,60
1174,48
1175,21
1176,64
1177,21
1178,22
1179,12
1180,9
1181,2
1182,50
1183,8
1184,50
1185,8
1186,12
1187,2
1188,6
1189,38
1190,51
1191,151
1192,6
1193,28
1194,10
1195,36
1196,78
1197,26
1198,32
1199,128
1200,10
1201,6
1202,36
1203,22
1204,68
1205,84
1206,48
1207,18
1208,130
1209,53
1210,45
1211,23
1212,111
1213,42
1214,49
1215,20
1216,10
1217,100
1218,9
1219,2
1220,17
1221,50
1222,6
1223,51
1224,9
1225,109
1226,74
1227,29
1228,82
1229,6
1230,31
1231,15
1232,17
1233,24
1234,45
1235,6
1236,22
1237,28
1238,51
1239,25
1240,30
1241,38
1242,66
1243,20
1244,7
1245,48
1246,34
1247,29
1248,73
1249,16
1250,43
1251,63
1252,21
1253,4
1254,3
1255,45
1256,31
1257,43
1258,2
1259,3
1260,8
1261,56
1262,39
1263,64
1264,20
1265,4
1266,34
1267,18
1268,8
1269,1
1270,4
1271,49
1272,54
1273,24
1274,30
1275,38
1276,14
1277,83
1278,11
1279,17
1280,54
1281,16
1282,45
1283,31
1284,19
1285,27
1286,58
1287,57
1288,69
1289,33
1290,44
1291,6
1292,29
1293,16
1294,4
1295,96
1296,4
1297,21
1298,3
1299,4
1300,3
1301,28
1302,13
1303,18
1304,78
1305,122
1306,126
1307,2
1308,117
1309,2
1310,20
1311,120
1312,18
1313,9
1314,32
1315,4
1316,32
1317,20
1318,103
1319,42
1320,30
1321,2
1322,81
1323,89
1324,36
1325,43
1326,27
1327,18
1328,47
1329,1
1330,6
1331,10
1332,19
1333,18
1334,62
1335,56
1336,1
1337,4
1338,20
1339,8
1340,50
1341,9
1342,19
1343,37
1344,22
1345,52
1346,1
1347,47
1348,23
1349,62
1350,11
1351,230
1352,11
1353,14
1354,18
1355,14
1356,35
1357,43
1358,64
1359,20
1360,23
1361,24
1362,25
1363,48
1364,7
1365,46
1366,21
1367,41
1368,27
1369,22
1370,33
1371,32
1372,87
1373,4
1374,159
1375,42
1376,8
1377,4
1378,7
1379,12
1380,11
1381,137
1382,33
1383,2
1384,36
1385,35
1386,8
1387,14
1388,86
1389,2
1390,29
1391,6
1392,12
1393,32
1394,70
1395,26
1396,86
1397,31
1398,46
1399,19
1400,80
1401,16
1402,31
1403,43
1404,73
1405,98
1406,189
1407,48
1408,23
1409,131
1410,96
1411,15
1412,66
1413,32
1414,33
1415,64
1416,21
1417,61
1418,37
1419,30
1420,41
1421,117
1422,74
1423,21
1424,10
1425,33
1426,9
1427,77
1428,50
1429,21
1430,9
1431,66
1432,40
1433,9
1434,148
1435,40
1436,1
1437,18
1438,26
1439,81
1440,11
1441,24
1442,20
1443,22
1444,18
1445,47
1446,224
1447,45
1448,1
1449,38
1450,23
1451,6
1452,30
1453,2
1454,149
1455,1
1456,54
1457,26
1458,34
1459,16
1460,20
1461,43
1462,42
1463,4
1464,6
1465,50
1466,43
1467,41
1468,58
1469,72
1470,72
1471,13
1472,19
1473,1
1474,39
1475,13
1476,156
1477,72
1478,187
1479,74
1480,22
1481,42
1482,2
1483,146
1484,18
1485,33
1486,54
1487,10
1488,58
1489,29
1490,4
1491,20
1492,15
1493,2
1494,43
1495,11
1496,4
1497,5
1498,92
1499,14
1500,5
1501,31
1502,34
1503,33
1504,2
1505,38
1506,99
1507,1
1508,8
1509,6
1510,20
1511,2
1512,3
1513,57
1514,11
1515,20
1516,43
1517,11
1518,11
1519,55
1520,15
1521,24
1522,13
1523,18
1524,8
1525,12
1526,15
1527,60
1528,88
1529,6
1530,23
1531,36
1532,28
1533,5
1534,8
1535,29
1536,31
1537,35
1538,41
1539,14
1540,19
1541,32
1542,39
1543,54
1544,6
1545,174
1546,25
1547,86
1548,25
1549,11
1550,27
1551,5
1552,49
1553,62
1554,66
1555,75
1556,13
1557,2
1558,42
1559,98
1560,28
1561,56
1562,24
1563,36
1564,8
1565,28
1566,27
1567,33
1568,2
1569,7
1570,18
1571,16
1572,35
1573,56
1574,17
1575,10
1576,8
1577,1
1578,17
1579,1
1580,71
1581,75
1582,14
1583,17
1584,1
1585,12
1586,99
1587,47
1588,9
1589,14
1590,74
1591,77
1592,19
1593,24
1594,7
1595,57
1596,9
1597,59
1598,10
1599,4
1600,12
1601,6
1602,31
1603,24
1604,158
1605,5
1606,23
1607,50
1608,7
1609,3
1610,48
1611,2
1612,31
1613,171
1614,37
1615,2
1616,68
1617,10
1618,2
1619,12
1620,3
1621,11
1622,16
1623,42
1624,96
1625,40
1626,83
1627,8
1628,8
1629,23
1630,13
1631,25
1632,15
1633,73
1634,54
1635,29
1636,38
1637,26
1638,34
1639,20
1640,134
1641,9
1642,15
1643,8
1644,7
1645,26
1646,17
1647,74
1648,32
1649,19
1650,71
1651,57
1652,4
1653,38
1654,23
1655,15
1656,36
1657,40
1658,56
1659,25
1660,7
1661,27
1662,172
1663,41
1664,41
1665,11
1666,38
1667,21
1668,16
1669,32
1670,23
1671,86
1672,39
1673,13
1674,36
1675,15
1676,31
1677,9
1678,118
1679,12
1680,17
1681,4
1682,22
1683,49
1684,29
1685,5
1686,24
1687,11
1688,7
1689,15
1690,36
1691,46
1692,3
1693,49
1694,46
1695,50
1696,99
1697,42
1698,33
1699,2
1700,24
1701,16
1702,17
1703,17
1704,9
1705,16
1706,86
1707,26
1708,114
1709,72
1710,43
1711,32
1712,26
1713,2
1714,75
1715,111
1716,14
1717,154
1718,11
1719,42
1720,36
1721,54
1722,8
1723,78
1724,43
1725,37
1726,31
1727,31
1728,42
1729,13
1730,24
1731,65
1732,28
1733,121
1734,20
1735,18
1736,13
1737,7
1738,78
1739,18
1740,102
1741,14
1742,8
1743,17
1744,80
1745,84
1746,32
1747,38
1748,11
1749,52
1750,34
1751,58
1752,23
1753,11
1754,95
1755,115
1756,34
1757,15
1758,12
1759,14
1760,33
1761,44
1762,17
1763,43
1764,11
1765,28
1766,18
1767,62
1768,1
1769,74
1770,26
1771,69
1772,24
1773,9
1774,3
1775,44
1776,54
1777,12
1778,25
1779,29
1780,4
1781,74
1782,81
1783,28
1784,51
1785,15
1786,9
1787,3
1788,23
1789,100
1790,42
1791,54
1792,7
1793,5
1794,3
1795,69
1796,40
1797,33
1798,93
1799,61
1800,10
1801,30
1802,65
1803,5
1804,5
1805,85
1806,26
1807,23
1808,11
1809,14
1810,26
1811,2
1812,20
1813,24
1814,13
1815,9
1816,5
1817,45
1818,1
1819,52
1820,43
1821,63
1822,20
1823,100
1824,28
1825,27
1826,1
1827,50
1828,146
1829,56
1830,1
1831,62
1832,7
1833,25
1834,12
1835,88
1836,13
1837,7
1838,9
1839,51
1840,8
1841,27
1842,46
1843,9
1844,27
1845,74
1846,6
1847,70
1848,28
1849,41
1850,14
1851,4
1852,7
1853,17
1854,25
1855,23
1856,27
1857,6
1858,34
1859,109
1860,63
1861,75
1862,17
1863,13
1864,43
1865,37
1866,7
1867,19
1868,6
1869,3
1870,29
1871,25
1872,144
1873,16
1874,42
1875,28
1876,76
1877,5
1878,109
1879,58
1880,21
1881,12
1882,21
1883,110
1884,20
1885,23
1886,44
1887,43
1888,83
1889,28
1890,56
1891,32
1892,5
1893,105
1894,86
1895,9
1896,111
1897,57
1898,44
1899,10
1900,20
1901,36
1902,4
1903,126
1904,45
1905,37
1906,28
1907,191
1908,71
1909,9
1910,53
1911,10
1912,9
1913,38
1914,72
1915,10
1916,10
1917,28
1918,33
1919,13
1920,16
1921,121
1922,79
1923,21
1924,50
1925,17
1926,207
1927,59
1928,57
1929,20
1930,53
1931,22
1932,46
1933,83
1934,58
1935,8
1936,10
1937,64
1938,39
1939,92
1940,31
1941,9
1942,65
1943,22
1944,97
1945,218
1946,65
1947,56
1948,9
1949,45
1950,27
1951,26
1952,92
1953,21
1954,19
1955,18
1956,30
1957,37
1958,8
1959,17
1960,32
1961,6
1962,53
1963,18
1964,3
1965,8
1966,127
1967,58
1968,10
1969,36
1970,3
1971,11
1972,12
1973,28
1974,5
1975,33
1976,37
1977,6
1978,40
1979,57
1980,53
1981,1
1982,53
1983,14
1984,40
1985,96
1986,9
1987,12
1988,3
1989,1
1990,13
1991,43
1992,22
1993,41
1994,23
1995,26
1996,112
1997,23
1998,16
1999,22
2000,40
2001,63
2002,83
2003,7
2004,37
2005,75
2006,51
2007,2
2008,5
2009,40
2010,8
2011,32
2012,21
2013,26
2014,7
2015,31
2016,5
2017,34
2018,20
2019,93
2020,45
2021,8
2022,5
2023,11
2024,245
2025,87
2026,2
2027,36
2028,91
2029,6
2030,9
2031,19
2032,35
2033,27
2034,16
2035,21
2036,16
2037,8
2038,25
2039,109
2040,56
2041,18
2042,6
2043,22
2044,27
2045,109
2046,1
2047,34
2048,27
2049,63
2050,69
2051,18
2052,63
2053,4
2054,26
2055,8
2056,129
2057,33
2058,11
2059,24
2060,45
2061,23
2062,14
2063,72
2064,43
2065,15
2066,136
2067,17
2068,159
2069,30
2070,4
2071,66
2072,2
2073,1
2074,133
2075,44
2076,10
2077,22
2078,38
2079,25
2080,104
2081,83
2082,137
2083,26
2084,41
2085,87
2086,45
2087,153
2088,36
2089,27
2090,99
2091,78
2092,86
2093,13
2094,19
2095,39
2096,5
2097,9
2098,20
2099,16
2100,64
2101,13
2102,8
2103,5
2104,11
2105,37
2106,28
2107,46
2108,10
2109,38
2110,8
2111,172
2112,54
2113,13
2114,30
2115,108
2116,20
2117,10
2118,1
2119,30
2120,95
2121,89
2122,60
2123,12
2124,25
2125,45
2126,40
2127,9
2128,10
2129,85
2130,50
2131,8
2132,55
2133,15
2134,11
2135,16
2136,8
2137,8
2138,18
2139,9
2140,14
2141,40
2142,7
2143,54
2144,8
2145,10
2146,22
2147,11
2148,17
2149,23
2150,33
2151,14
2152,113
2153,79
2154,64
2155,31
2156,50
2157,100
2158,39
2159,17
2160,27
2161,67
2162,19
2163,65
2164,11
2165,96
2166,73
2167,9
2168,20
2169,1
2170,22
2171,36
2172,45
2173,9
2174,60
2175,22
2176,44
2177,39
2178,16
2179,2
2180,3
2181,159
2182,3
2183,105
2184,34
2185,22
2186,104
2187,20
2188,49
2189,23
2190,102
2191,42
2192,17
2193,21
2194,24
2195,57
2196,13
2197,64
2198,114
2199,5
2200,21
2201,49
2202,2
2203,35
2204,25
2205,13
2206,25
2207,52
2208,11
2209,48
2210,42
2211,48
2212,83
2213,47
2214,15
2215,8
2216,103
2217,11
2218,125
2219,4
2220,50
2221,88
2222,76
2223,23
2224,5
2225,16
2226,21
2227,145
2228,33
2229,139
2230,12
2231,34
2232,53
2233,2
2234,53
2235,20
2236,51
2237,64
2238,40
2239,20
2240,8
2241,19
2242,94
2243,49
2244,83
2245,24
2246,2
2247,10
2248,46
2249,28
2250,62
2251,34
2252,2
2253,18
2254,13
2255,59
2256,28
2257,56
2258,3
2259,7
2260,8
2261,36
2262,84
2263,2
2264,5
2265,31
2266,60
2267,19
2268,27
2269,2
2270,60
2271,13
2272,2
2273,19
2274,32
2275,37
2276,62
2277,65
2278,23
2279,48
2280,5
2281,4
2282,14
2283,15
2284,9
2285,19
2286,3
2287,16
2288,8
2289,34
2290,52
2291,52
2292,4
2293,17
2294,69
2295,18
2296,2
2297,15
2298,3
2299,16
2300,18
2301,23
2302,53
2303,54
2304,127
2305,1
2306,47
2307,46
2308,26
2309,10
2310,37
2311,75
2312,10
2313,13
2314,21
2315,12
2316,36
2317,85
2318,16
2319,2
2320,14
2321,16
2322,11
2323,4
2324,91
2325,6
2326,10
2327,200
2328,60
2329,36
2330,4
2331,91
2332,11
2333,77
2334,22
2335,3
2336,23
2337,53
2338,49
2339,42
2340,18
2341,15
2342,37
2343,3
2344,6
2345,52
2346,12
2347,10
2348,141
2349,55
2350,21
2351,29
2352,98
2353,20
2354,5
2355,34
2356,5
2357,48
2358,5
2359,18
2360,14
2361,7
2362,37
2363,15
2364,13
2365,9
2366,32
2367,159
2368,2
2369,33
2370,12
2371,99
2372,33
2373,7
2374,103
2375,40
2376,80
2377,7
2378,51
2379,3
2380,72
2381,49
2382,5
2383,8
2384,21
2385,1
2386,13
2387,47
2388,6
2389,95
2390,50
2391,24
2392,273
2393,15
2394,24
2395,53
2396,22
2397,48
2398,73
2399,19
2400,30
2401,5
2402,170
2403,17
2404,51
2405,20
2406,3
2407,22
2408,15
2409,98
2410,70
2411,32
2412,11
2413,2
2414,12
2415,4
2416,2
2417,10
2418,81
2419,191
2420,7
2421,8
2422,11
2423,27
2424,51
2425,15
2426,15
2427,33
2428,12
2429,1
2430,22
2431,15
2432,78
2433,21
2434,5
2435,19
2436,66
2437,49
2438,34
2439,8
2440,10
2441,13
2442,29
2443,187
2444,12
2445,1
2446,21
2447,41
2448,27
2449,42
2450,35
2451,40
2452,18
2453,84
2454,13
2455,1
2456,18
2457,6
2458,21
2459,51
2460,33
2461,34
2462,5
2463,15
2464,1
2465,65
2466,30
2467,18
2468,61
2469,61
2470,44
2471,19
2472,52
2473,14
2474,80
2475,98
2476,55
2477,22
2478,120
2479,50
2480,2
2481,16
2482,67
2483,48
2484,44
2485,1
2486,99
2487,8
2488,13
2489,3
2490,37
2491,42
2492,46
2493,40
2494,63
2495,121
2496,22
2497,19
2498,8
2499,37
2500,3
2501,6
2502,80
2503,10
2504,1
2505,17
2506,15
2507,11
2508,123
2509,30
2510,66
2511,48
2512,9
2513,13
2514,46
2515,5
2516,54
2517,8
2518,6
2519,3
2520,25
2521,35
2522,18
2523,2
2524,12
2525,11
2526,112
2527,14
2528,162
2529,13
2530,10
2531,103
2532,30
2533,29
2534,164
2535,12
2536,3
2537,17
2538,9
2539,5
2540,3
2541,85
2542,6
2543,77
2544,95
2545,35
2546,10
2547,20
2548,2
2549,50
2550,89
2551,69
2552,7
2553,6
2554,29
2555,14
2556,12
2557,27
2558,22
2559,27
2560,20
2561,73
2562,35
2563,50
2564,8
2565,3
2566,1
2567,34
2568,5
2569,63
2570,23
2571,47
2572,15
2573,8
2574,47
2575,32
2576,4
2577,157
2578,34
2579,16
2580,9
2581,63
2582,3
2583,23
2584,73
2585,3
2586,10
2587,35
2588,23
2589,4
2590,11
2591,6
2592,10
2593,2
2594,35
2595,50
2596,35
2597,8
2598,9
2599,83
2600,53
2601,2
2602,25
2603,5
2604,42
2605,83
2606,10
2607,123
2608,20
2609,2
2610,34
2611,5
2612,27
2613,3
2614,19
2615,15
2616,11
2617,33
2618,26
2619,46
2620,96
2621,16
2622,88
2623,7
2624,14
2625,18
2626,71
2627,29
2628,11
2629,58
2630,76
2631,2
2632,31
2633,84
2634,61
2635,54
2636,39
2637,9
2638,38
2639,18
2640,1
2641,51
2642,49
2643,12
2644,6
2645,230
2646,54
2647,15
2648,12
2649,8
2650,104
2651,53
2652,77
2653,26
2654,4
2655,28
2656,10
2657,28
2658,154
2659,16
2660,13
2661,48
2662,31
2663,29
2664,4
2665,4
2666,12
2667,34
2668,58
2669,6
2670,1
2671,51
2672,60
2673,10
2674,8
2675,92
2676,37
2677,16
2678,3
2679,37
2680,43
2681,26
2682,5
2683,148
2684,35
2685,6
2686,4
2687,14
2688,107
2689,75
2690,24
2691,11
2692,2
2693,1
2694,21
2695,16
2696,76
2697,10
2698,211
2699,7
2700,1
2701,2
2702,69
2703,5
2704,67
2705,12
2706,15
2707,16
2708,6
2709,6
2710,46
2711,115
2712,43
2713,1
2714,8
2715,11
2716,2
2717,29
2718,13
2719,1
2720,18
2721,3
2722,57
2723,16
2724,22
2725,28
2726,23
2727,6
2728,54
2729,61
2730,4
2731,61
2732,130
2733,55
2734,29
2735,57
2736,1
2737,21
2738,2
2739,7
2740,19
2741,8
2742,12
2743,14
2744,16
2745,3
2746,3
2747,5
2748,16
2749,83
2750,15
2751,9
2752,32
2753,59
2754,34
2755,28
2756,15
2757,16
2758,25
2759,7
2760,81
2761,53
2762,37
2763,17
2764,40
2765,46
2766,29
2767,14
2768,7
2769,1
2770,40
2771,10
2772,5
2773,45
2774,1
2775,10
2776,23
2777,7
2778,1
2779,69
2780,62
2781,135
2782,19
2783,4
2784,1
2785,2
2786,35
2787,136
2788,25
2789,64
2790,8
2791,205
2792,9
2793,5
2794,25
2795,29
2796,30
2797,24
2798,52
2799,98
2800,147
2801,75
2802,18
2803,17
2804,25
2805,35
2806,91
2807,67
2808,8
2809,13
2810,86
2811,9
2812,1
2813,5
2814,66
2815,125
2816,5
2817,84
2818,26
2819,4
2820,16
2821,106
2822,8
2823,22
2824,40
2825,45
2826,32
2827,4
2828,18
2829,2
2830,17
2831,2
2832,40
2833,111
2834,181
2835,38
2836,23
2837,149
2838,12
2839,2
2840,17
2841,47
2842,13
2843,58
2844,3
2845,44
2846,3
2847,53
2848,26
2849,21
2850,19
2851,15
2852,7
2853,20
2854,6
2855,30
2856,3
2857,38
2858,7
2859,24
2860,39
2861,8
2862,128
2863,12
2864,18
2865,53
2866,24
2867,64
2868,39
2869,18
2870,27
2871,12
2872,15
2873,30
2874,26
2875,68
2876,33
2877,26
2878,3
2879,35
2880,11
2881,58
2882,5
2883,56
2884,22
2885,2
2886,3
2887,5
2888,57
2889,61
2890,3
2891,97
2892,4
2893,2
2894,19
2895,32
2896,60
2897,23
2898,34
2899,56
2900,14
2901,28
2902,126
2903,16
2904,2
2905,52
2906,39
2907,192
2908,37
2909,63
2910,52
2911,48
2912,21
2913,15
2914,132
2915,21
2916,44
2917,59
2918,17
2919,3
2920,22
2921,137
2922,84
2923,11
2924,67
2925,58
2926,16
2927,54
2928,6
2929,15
2930,1
2931,7
2932,21
2933,87
2934,33
2935,38
2936,33
2937,48
2938,77
2939,3
2940,1
2941,39
2942,23
2943,14
2944,159
2945,4
2946,135
2947,25
2948,26
2949,144
2950,3
2951,108
2952,4
2953,30
2954,19
2955,33
2956,36
2957,17
2958,13
2959,34
2960,11
2961,31
2962,38
2963,87
2964,9
2965,29
2966,65
2967,42
2968,23
2969,3
2970,3
2971,33
2972,5
2973,63
2974,33
2975,24
2976,22
2977,33
2978,14
2979,45
2980,33
2981,8
2982,10
2983,53
2984,7
2985,18
2986,57
2987,80
2988,42
2989,16
2990,13
2991,57
2992,44
2993,25
2994,75
2995,16
2996,7
2997,18
2998,31
2999,18
3000,28
3001,21
3002,10
3003,12
3004,89
3005,4
3006,31
3007,7
3008,100
3009,32
3010,7
3011,43
3012,12
3013,10
3014,65
3015,39
3016,14
3017,36
3018,95
3019,68
3020,5
3021,43
3022,9
3023,24
3024,102
3025,63
3026,32
3027,38
3028,5
3029,7
3030,17
3031,41
3032,44
3033,15
3034,138
3035,8
3036,106
3037,66
3038,39
3039,5
3040,51
3041,43
3042,23
3043,43
3044,41
3045,55
3046,105
3047,42
3048,43
3049,13
3050,67
3051,34
3052,38
3053,42
3054,11
3055,18
3056,2
3057,11
3058,5
3059,55
3060,8
3061,45
3062,38
3063,23
3064,1
3065,2
3066,62
3067,21
3068,78
3069,47
3070,14
3071,1
3072,17
3073,114
3074,28
3075,2
3076,15
3077,121
3078,36
3079,48
3080,48
3081,17
3082,36
3083,2
3084,15
3085,2
3086,42
3087,34
3088,4
3089,4
3090,102
3091,41
3092,36
3093,75
3094,75
3095,5
3096,7
3097,86
3098,116
3099,33
3100,34
3101,35
3102,30
3103,1
3104,40
3105,2
3106,19
3107,25
3108,24
3109,29
3110,65
3111,7
3112,60
3113,106
3114,9
3115,84
3116,63
3117,24
3118,45
3119,83
3120,5
3121,53
3122,33
3123,35
3124,11
3125,30
3126,53
3127,20
3128,18
3129,5
3130,90
3131,29
3132,7
3133,57
3134,16
3135,94
3136,6
3137,3
3138,18
3139,50
3140,52
3141,6
3142,14
3143,26
3144,64
3145,25
3146,16
3147,44
3148,44
3149,9
3150,12
3151,14
3152,31
3153,37
3154,6
3155,22
3156,68
3157,36
3158,107
3159,39
3160,28
3161,66
3162,35
3163,10
3164,128
3165,14
3166,30
3167,23
3168,38
3169,95
3170,80
3171,15
3172,61
3173,7
3174,38
3175,24
3176,3
3177,29
3178,21
3179,61
3180,10
3181,15
3182,19
3183,34
3184,4
3185,4
3186,19
3187,37
3188,13
3189,61
3190,34
3191,71
3192,42
3193,4
3194,38
3195,74
3196,26
3197,44
3198,56
3199,42
3200,6
3201,34
3202,69
3203,43
3204,23
3205,3
3206,25
3207,110
3208,24
3209,64
3210,8
3211,135
3212,88
3213,34
3214,16
3215,111
3216,22
3217,18
3218,7
3219,130
3220,12
3221,5
3222,68
3223,39
3224,35
3225,135
3226,46
3227,45
3228,32
3229,64
3230,18
3231,96
3232,75
3233,34
3234,45
3235,22
3236,20
3237,18
3238,10
3239,71
3240,20
3241,5
3242,4
3243,19
3244,26
3245,24
3246,22
3247,13
3248,7
3249,94
3250,72
3251,50
3252,22
3253,64
3254,51
3255,35
3256,2
3257,103
3258,49
3259,12
3260,32
3261,43
3262,19
3263,25
3264,160
3265,9
3266,26
3267,12
3268,16
3269,9
3270,2
3271,6
3272,38
3273,23
3274,1
3275,12
3276,5
3277,12
3278,23
3279,1
3280,81
3281,98
3282,149
3283,3
3284,1
3285,14
3286,4
3287,26
3288,50
3289,8
3290,31
3291,8
3292,138
3293,41
3294,20
3295,23
3296,34
3297,95
3298,22
3299,47
3300,11
3301,8
3302,51
3303,40
3304,46
3305,2
3306,30
3307,13
3308,22
3309,32
3310,18
3311,12
3312,8
3313,44
3314,258
3315,100
3316,26
3317,4
3318,29
3319,39
3320,9
3321,22
3322,12
3323,77
3324,5
3325,17
3326,27
3327,21
3328,39
3329,10
3330,6
3331,73
3332,18
3333,55
3334,105
3335,31
3336,27
3337,27
3338,3
3339,106
3340,1
3341,13
3342,3
3343,15
3344,23
3345,90
3346,25
3347,55
3348,10
3349,19
3350,31
3351,70
3352,55
3353,3
3354,16
3355,56
3356,47
3357,20
3358,68
3359,10
3360,24
3361,30
3362,87
3363,100
3364,25
3365,48
3366,42
3367,58
3368,8
3369,17
3370,10
3371,13
3372,9
3373,3
3374,68
3375,45
3376,44
3377,100
3378,5
3379,1
3380,1
3381,15
3382,89
3383,61
3384,29
3385,1
3386,12
3387,32
3388,29
3389,10
3390,77
3391,6
3392,76
3393,83
3394,11
3395,25
3396,98
3397,11
3398,29
3399,40
3400,45
3401,64
3402,12
3403,21
3404,13
3405,34
3406,28
3407,76
3408,73
3409,25
3410,44
3411,12
3412,56
3413,30
3414,82
3415,50
3416,29
3417,14
3418,2
3419,20
3420,13
3421,22
3422,7
3423,43
3424,17
3425,51
3426,44
3427,86
3428,47
3429,2
3430,21
3431,3
3432,66
3433,16
3434,36
3435,41
3436,15
3437,2
3438,42
3439,14
3440,31
3441,51
3442,11
3443,46
3444,9
3445,37
3446,19
3447,49
3448,12
3449,15
3450,14
3451,25
3452,21
3453,25
3454,27
3455,13
3456,23
3457,7
3458,62
3459,95
3460,18
3461,70
3462,37
3463,99
3464,65
3465,16
3466,15
3467,11
3468,52
3469,14
3470,21
3471,10
3472,11
3473,12
3474,55
3475,2
3476,21
3477,12
3478,31
3479,60
3480,26
3481,35
3482,9
3483,18
3484,17
3485,3
3486,35
3487,26
3488,11
3489,70
3490,2
3491,5
3492,14
3493,33
3494,51
3495,156
3496,49
3497,112
3498,23
3499,33
3500,41
3501,102
3502,79
3503,63
3504,8
3505,6
3506,4
3507,48
3508,4
3509,9
3510,165
3511,12
3512,67
3513,22
3514,19
3515,72
3516,9
3517,74
3518,99
3519,77
3520,7
3521,34
3522,14
3523,18
3524,25
3525,124
3526,52
3527,24
3528,47
3529,5
3530,30
3531,5
3532,1
3533,42
3534,72
3535,47
3536,26
3537,4
3538,6
3539,5
3540,1
3541,4
3542,28
3543,28
3544,65
3545,69
3546,12
3547,91
3548,89
3549,16
3550,14
3551,6
3552,16
3553,15
3554,14
3555,7
3556,48
3557,24
3558,46
3559,18
3560,35
3561,70
3562,5
3563,13
3564,19
3565,117
3566,57
3567,49
3568,14
3569,17
3570,82
3571,182
3572,70
3573,26
3574,31
3575,3
3576,14
3577,15
3578,29
3579,20
3580,51
3581,7
3582,18
3583,85
3584,48
3585,126
3586,1
3587,60
3588,76
3589,139
3590,3
3591,8
3592,35
3593,11
3594,24
3595,81
3596,43
3597,86
3598,101
3599,29
3600,19
3601,91
3602,3
3603,13
3604,76
3605,120
3606,5
3607,4
3608,33
3609,43
3610,29
3611,1
3612,3
3613,42
3614,30
3615,5
3616,29
3617,1
3618,71
3619,36
3620,40
3621,35
3622,53
3623,35
3624,9
3625,56
3626,69
3627,33
3628,42
3629,66
3630,34
3631,7
3632,10
3633,146
3634,23
3635,6
3636,54
3637,5
3638,52
3639,41
3640,12
3641,36
3642,2
3643,21
3644,24
3645,13
3646,6
3647,53
3648,4
3649,57
3650,30
3651,24
3652,15
3653,15
3654,9
3655,106
3656,14
3657,45
3658,13
3659,30
3660,26
3661,6
3662,4
3663,17
3664,4
3665,48
3666,113
3667,14
3668,20
3669,39
3670,10
3671,24
3672,8
3673,88
3674,5
3675,29
3676,17
3677,71
3678,110
3679,69
3680,21
3681,38
3682,1
3683,101
3684,4
3685,11
3686,13
3687,73
3688,61
3689,4
3690,8
3691,29
3692,12
3693,7
3694,63
3695,37
3696,29
3697,20
3698,121
3699,14
3700,6
3701,90
3702,12
3703,54
3704,85
3705,2
3706,35
3707,75
3708,98
3709,24
3710,33
3711,24
3712,69
3713,24
3714,53
3715,2
3716,24
3717,59
3718,1
3719,16
3720,2
3721,18
3722,27
3723,22
3724,21
3725,43
3726,33
3727,13
3728,14
3729,5
3730,8
3731,1
3732,5
3733,27
3734,8
3735,112
3736,91
3737,83
3738,3
3739,60
3740,12
3741,66
3742,45
3743,4
3744,131
3745,11
3746,55
3747,59
3748,6
3749,23
3750,9
3751,106
3752,63
3753,68
3754,10
3755,22
3756,84
3757,5
3758,18
3759,21
3760,1
3761,26
3762,19
3763,13
3764,83
3765,22
3766,12
3767,78
3768,21
3769,164
3770,31
3771,9
3772,16
3773,30
3774,62
3775,4
3776,4
3777,20
3778,51
3779,49
3780,44
3781,120
3782,24
3783,61
3784,10
3785,21
3786,51
3787,17
3788,30
3789,20
3790,28
3791,5
3792,2
3793,5
3794,90
3795,50
3796,6
3797,31
3798,8
3799,51
3800,52
3801,53
3802,109
3803,11
3804,4
3805,50
3806,6
3807,24
3808,21
3809,3
3810,16
3811,33
3812,39
3813,14
3814,16
3815,18
3816,15
3817,19
3818,45
3819,21
3820,21
3821,12
3822,22
3823,97
3824,16
3825,51
3826,13
3827,82
3828,69
3829,5
3830,76
3831,53
3832,47
3833,1
3834,59
3835,10
3836,7
3837,53
3838,40
3839,79
3840,6
3841,17
3842,42
3843,3
3844,1
3845,32
3846,11
3847,63
3848,46
3849,12
3850,79
3851,2
3852,21
3853,28
3854,48
3855,7
3856,47
3857,9
3858,15
3859,4
3860,1
3861,26
3862,14
3863,47
3864,8
3865,90
3866,5
3867,29
3868,5
3869,112
3870,24
3871,34
3872,107
3873,28
3874,54
3875,29
3876,47
3877,122
3878,28
3879,16
3880,11
3881,88
3882,34
3883,10
3884,5
3885,114
3886,19
3887,26
3888,4
3889,11
3890,8
3891,32
3892,76
3893,14
3894,32
3895,36
3896,1
3897,4
3898,1
3899,27
3900,26
3901,12
3902,233
3903,30
3904,118
3905,49
3906,7
3907,14
3908,4
3909,5
3910,13
3911,44
3912,16
3913,18
3914,23
3915,29
3916,24
3917,35
3918,8
3919,96
3920,13
3921,28
3922,13
3923,8
3924,54
3925,9
3926,11
3927,48
3928,5
3929,3
3930,1
3931,45
3932,70
3933,23
3934,3
3935,1
3936,57
3937,10
3938,6
3939,57
3940,1
3941,84
3942,7
3943,54
3944,57
3945,4
3946,26
3947,35
3948,6
3949,75
3950,5
3951,21
3952,65
3953,12
3954,53
3955,43
3956,5
3957,105
3958,36
3959,10
3960,31
3961,4
3962,8
3963,18
3964,13
3965,25
3966,2
3967,41
3968,19
3969,11
3970,5
3971,20
3972,4
3973,53
3974,9
3975,72
3976,56
3977,22
3978,74
3979,87
3980,24
3981,10
3982,56
3983,11
3984,28
3985,65
3986,26
3987,21
3988,3
3989,11
3990,11
3991,9
3992,74
3993,8
3994,51
3995,16
3996,12
3997,40
3998,25
3999,10
4000,23
4001,8
4002,70
4003,112
4004,27
4005,17
4006,100
4007,49
4008,53
4009,17
4010,6
4011,8
4012,3
4013,69
4014,18
4015,29
4016,58
4017,62
4018,22
4019,1
4020,4
4021,67
4022,109
4023,120
4024,76
4025,23
4026,24
4027,39
4028,15
4029,26
4030,10
4031,13
4032,11
4033,112
4034,12
4035,1
4036,28
4037,18
4038,67
4039,13
4040,62
4041,36
4042,95
4043,24
4044,40
4045,67
4046,5
4047,1
4048,63
4049,34
4050,26
4051,18
4052,18
4053,5
4054,32
4055,177
4056,10
4057,8
4058,3
4059,57
4060,11
4061,34
4062,36
4063,5
4064,49
4065,34
4066,14
4067,16
4068,100
4069,10
4070,4
4071,63
4072,58
4073,21
4074,17
4075,27
4076,19
4077,40
4078,158
4079,8
4080,25
4081,116
4082,5
4083,29
4084,37
4085,11
4086,56
4087,21
4088,21
4089,69
4090,11
4091,36
4092,69
4093,19
4094,80
4095,58
4096,19
4097,22
4098,73
4099,11
4100,37
4101,49
4102,5
4103,8
4104,9
4105,52
4106,36
4107,44
4108,12
4109,25
4110,80
4111,10
4112,2
4113,53
4114,57
4115,57
4116,90
4117,45
4118,53
4119,10
4120,107
4121,5
4122,62
4123,101
4124,26
4125,9
4126,9
4127,5
4128,51
4129,10
4130,47
4131,7
4132,15
4133,20
4134,18
4135,19
4136,123
4137,52
4138,186
4139,2
4140,27
4141,48
4142,52
4143,136
4144,86
4145,70
4146,60
4147,209
4148,45
4149,15
4150,8
4151,202
4152,41
4153,6
4154,133
4155,6
4156,7
4157,23
4158,4
4159,9
4160,27
4161,36
4162,11
4163,3
4164,29
4165,63
4166,9
4167,124
4168,20
4169,81
4170,47
4171,8
4172,54
4173,22
4174,46
4175,13
4176,40
4177,14
4178,13
4179,177
4180,7
4181,2
4182,32
4183,6
4184,163
4185,11
4186,69
4187,12
4188,31
4189,10
4190,97
4191,19
4192,50
4193,15
4194,43
4195,87
4196,31
4197,59
4198,25
4199,35
4200,15
4201,17
4202,4
4203,32
4204,15
4205,10
4206,17
4207,2
4208,16
4209,29
4210,61
4211,14
4212,14
4213,18
4214,10
4215,28
4216,14
4217,19
4218,34
4219,12
4220,45
4221,118
4222,61
4223,16
4224,117
4225,55
4226,5
4227,23
4228,2
4229,17
4230,109
4231,49
4232,39
4233,70
4234,11
4235,6
4236,74
4237,189
4238,57
4239,102
4240,32
4241,28
4242,13
4243,34
4244,19
4245,32
4246,17
4247,1
4248,30
4249,23
4250,4
4251,58
4252,77
4253,16
4254,12
4255,35
4256,2
4257,17
4258,40
4259,43
4260,10
4261,4
4262,44
4263,3
4264,31
4265,76
4266,42
4267,30
4268,8
4269,46
4270,133
4271,31
4272,64
4273,29
4274,53
4275,33
4276,81
4277,49
4278,62
4279,38
4280,50
4281,28
4282,23
4283,25
4284,11
4285,28
4286,64
4287,24
4288,85
4289,14
4290,41
4291,49
4292,22
4293,20
4294,135
4295,8
4296,9
4297,30
4298,24
4299,55
4300,18
4301,2
4302,15
4303,12
4304,42
4305,4
4306,38
4307,28
4308,12
4309,22
4310,3
4311,66
4312,30
4313,47
4314,6
4315,28
4316,10
4317,33
4318,60
4319,2
4320,14
4321,12
4322,7
4323,87
4324,54
4325,71
4326,5
4327,28
4328,5
4329,13
4330,16
4331,15
4332,8
4333,13
4334,32
4335,88
4336,28
4337,18
4338,35
4339,24
4340,18
4341,36
4342,62
4343,49
4344,63
4345,37
4346,57
4347,79
4348,58
4349,117
4350,61
4351,83
4352,79
4353,28
4354,132
4355,77
4356,6
4357,20
4358,25
4359,84
4360,47
4361,52
4362,60
4363,48
4364,3
4365,13
4366,40
4367,49
4368,63
4369,6
4370,71
4371,64
4372,13
4373,50
4374,4
4375,20
4376,1
4377,37
4378,21
4379,14
4380,45
4381,2
4382,4
4383,35
4384,14
4385,39
4386,4
4387,32
4388,89
4389,41
4390,24
4391,27
4392,11
4393,31
4394,14
4395,30
4396,46
4397,75
4398,27
4399,85
4400,136
4401,46
4402,70
4403,16
4404,6
4405,29
4406,35
4407,42
4408,2
4409,2
4410,5
4411,42
4412,14
4413,39
4414,1
4415,84
4416,14
4417,58
4418,11
4419,44
4420,1
4421,3
4422,11
4423,177
4424,66
4425,5
4426,5
4427,20
4428,5
4429,6
4430,35
4431,10
4432,3
4433,72
4434,42
4435,39
4436,7
4437,11
4438,35
4439,10
4440,41
4441,43
4442,39
4443,60
4444,16
4445,38
4446,34
4447,42
4448,7
4449,9
4450,116
4451,46
4452,85
4453,13
4454,33
4455,5
4456,9
4457,115
4458,115
4459,17
4460,21
4461,9
4462,26
4463,52
4464,41
4465,2
4466,29
4467,37
4468,37
4469,52
4470,7
4471,30
4472,16
4473,2
4474,21
4475,36
4476,32
4477,122
4478,67
4479,28
4480,22
4481,21
4482,17
4483,26
4484,33
4485,27
4486,2
4487,78
4488,15
4489,30
4490,25
4491,103
4492,55
4493,31
4494,10
4495,30
4496,45
4497,75
4498,91
4499,20
4500,112
4501,104
4502,7
4503,28
4504,3
4505,23
4506,87
4507,4
4508,129
4509,3
4510,9
4511,13
4512,12
4513,7
4514,9
4515,9
4516,1
4517,30
4518,18
4519,25
4520,2
4521,29
4522,22
4523,1
4524,48
4525,45
4526,47
4527,3
4528,40
4529,36
4530,72
4531,43
4532,30
4533,15
4534,1
4535,14
4536,138
4537,115
4538,20
4539,56
4540,31
4541,13
4542,4
4543,6
4544,1
4545,33
4546,24
4547,1
4548,15
4549,35
4550,80
4551,19
4552,80
4553,4
4554,2
4555,1
4556,17
4557,78
4558,20
4559,5
4560,134
4561,14
4562,26
4563,69
4564,93
4565,4
4566,18
4567,32
4568,31
4569,168
4570,1
4571,25
4572,55
4573,28
4574,106
4575,27
4576,119
4577,28
4578,69
4579,74
4580,4
4581,13
4582,29
4583,50
4584,15
4585,3
4586,4
4587,28
4588,22
4589,71
4590,21
4591,9
4592,94
4593,16
4594,24
4595,34
4596,5
4597,28
4598,11
4599,27
4600,68
4601,41
4602,32
4603,48
4604,57
4605,14
4606,22
4607,1
4608,42
4609,2
4610,137
4611,70
4612,29
4613,30
4614,56
4615,12
4616,43
4617,40
4618,4
4619,19
4620,115
4621,27
4622,54
4623,20
4624,20
4625,1
4626,39
4627,52
4628,46
4629,174
4630,14
4631,48
4632,36
4633,63
4634,16
4635,21
4636,30
4637,7
4638,12
4639,76
4640,14
4641,13
4642,25
4643,40
4644,52
4645,75
4646,51
4647,1
4648,2
4649,18
4650,35
4651,8
4652,44
4653,53
4654,75
4655,31
4656,87
4657,35
4658,5
4659,10
4660,74
4661,58
4662,27
4663,16
4664,3
4665,16
4666,44
4667,10
4668,13
4669,16
4670,10
4671,41
4672,1
4673,49
4674,28
4675,21
4676,42
4677,10
4678,70
4679,1
4680,56
4681,159
4682,84
4683,28
4684,47
4685,45
4686,85
4687,25
4688,15
4689,62
4690,50
4691,55
4692,35
4693,26
4694,97
4695,70
4696,6
4697,40
4698,45
4699,13
4700,117
4701,57
4702,2
4703,76
4704,66
4705,78
4706,15
4707,20
4708,38
4709,9
4710,21
4711,27
4712,80
4713,77
4714,47
4715,3
4716,24
4717,37
4718,1
4719,2
4720,9
4721,111
4722,59
4723,35
4724,12
4725,8
4726,37
4727,24
4728,25
4729,29
4730,5
4731,37
4732,33
4733,38
4734,4
4735,8
4736,105
4737,30
4738,50
4739,4
4740,4
4741,4
4742,6
4743,50
4744,3
4745,23
4746,35
4747,35
4748,62
4749,12
4750,2
4751,25
4752,12
4753,4
4754,67
4755,12
4756,50
4757,3
4758,23
4759,12
4760,60
4761,176
4762,163
4763,20
4764,13
4765,5
4766,16
4767,14
4768,12
4769,47
4770,135
4771,26
4772,50
4773,48
4774,7
4775,39
4776,7
4777,3
4778,27
4779,31
4780,42
4781,92
4782,36
4783,18
4784,7
4785,11
4786,47
4787,12
4788,100
4789,73
4790,1
4791,32
4792,11
4793,2
4794,9
4795,61
4796,7
4797,91
4798,7
4799,2
4800,15
4801,178
4802,14
4803,7
4804,55
4805,30
4806,11
4807,75
4808,6
4809,116
4810,61
4811,5
4812,79
4813,10
4814,3
4815,34
4816,84
4817,43
4818,10
4819,27
4820,9
4821,7
4822,24
4823,1
4824,17
4825,62
4826,51
4827,9
4828,60
4829,28
4830,42
4831,64
4832,21
4833,46
4834,156
4835,167
4836,4
4837,19
4838,1
4839,20
4840,20
4841,50
4842,48
4843,8
4844,90
4845,29
4846,98
4847,85
4848,6
4849,42
4850,70
4851,7
4852,10
4853,3
4854,39
4855,4
4856,12
4857,52
4858,20
4859,51
4860,1
4861,22
4862,31
4863,21
4864,12
4865,42
4866,26
4867,21
4868,5
4869,93
4870,59
4871,21
4872,196
4873,51
4874,56
4875,52
4876,1
4877,5
4878,36
4879,30
4880,22
4881,14
4882,14
4883,21
4884,1
4885,128
4886,110
4887,26
4888,46
4889,46
4890,35
4891,9
4892,1
4893,18
4894,3
4895,58
4896,1
4897,127
4898,2
4899,111
4900,27
4901,1
4902,192
4903,60
4904,29
4905,135
4906,40
4907,32
4908,209
4909,7
4910,30
4911,24
4912,10
4913,3
4914,127
4915,10
4916,58
4917,37
4918,44
4919,10
4920,140
4921,23
4922,32
4923,82
4924,61
4925,25
4926,44
4927,158
4928,48
4929,44
4930,28
4931,5
4932,18
4933,116
4934,14
4935,39
4936,53
4937,37
4938,42
4939,4
4940,16
4941,78
4942,179
4943,22
4944,11
4945,2
4946,12
4947,33
4948,31
4949,8
4950,3
4951,74
4952,69
4953,50
4954,16
4955,16
4956,47
4957,13
4958,44
4959,1
4960,32
4961,1
4962,198
4963,56
4964,34
4965,31
4966,4
4967,16
4968,42
4969,34
4970,49
4971,17
4972,65
4973,12
4974,15
4975,1
4976,9
4977,5
4978,3
4979,3
4980,73
4981,21
4982,73
4983,80
4984,2
4985,2
4986,67
4987,15
4988,2
4989,16
4990,5
4991,88
4992,94
4993,5
4994,27
4995,98
4996,70
4997,20
4998,94
4999,12
5000,20
5001,37
5002,1
5003,19
5004,8
5005,16
5006,13
5007,64
5008,15
5009,2
5010,9
5011,42
5012,50
5013,28
5014,2
5015,86
5016,7
5017,10
5018,267
5019,22
5020,31
5021,13
5022,6
5023,29
5024,9
5025,24
5026,99
5027,96
5028,9
5029,17
5030,28
5031,24
5032,12
5033,11
5034,8
5035,28
5036,7
5037,17
5038,23
5039,27
5040,1
5041,87
5042,29
5043,19
5044,5
5045,9
5046,9
5047,33
5048,37
5049,1
5050,13
5051,31
5052,1
5053,87
5054,7
5055,15
5056,45
5057,97
5058,42
5059,20
5060,25
5061,16
5062,91
5063,32
5064,14
5065,73
5066,113
5067,42
5068,75
5069,22
5070,40
5071,17
5072,71
5073,3
5074,27
5075,21
5076,4
5077,3
5078,17
5079,61
5080,27
5081,119
5082,25
5083,18
5084,19
5085,7
5086,21
5087,78
5088,21
5089,8
5090,22
5091,26
5092,187
5093,16
5094,12
5095,24
5096,20
5097,14
5098,25
5099,65
5100,11
5101,36
5102,13
5103,25
5104,9
5105,116
5106,22
5107,5
5108,67
5109,5
5110,33
5111,45
5112,21
5113,63
5114,13
5115,92
5116,33
5117,8
5118,37
5119,32
5120,36
5121,9
5122,1
5123,149
5124,10
5125,35
5126,22
5127,13
5128,12
5129,61
5130,98
5131,24
5132,44
5133,113
5134,6
5135,9
5136,64
5137,5
5138,4
5139,1
5140,16
5141,4
5142,97
5143,24
5144,9
5145,32
5146,120
5147,50
5148,9
5149,14
5150,18
5151,6
5152,22
5153,1
5154,9
5155,3
5156,59
5157,29
5158,28
5159,5
5160,1
5161,17
5162,18
5163,3
5164,31
5165,15
5166,9
5167,68
5168,109
5169,27
5170,38
5171,9
5172,4
5173,56
5174,120
5175,13
5176,4
5177,53
5178,26
5179,52
5180,16
5181,64
5182,65
5183,51
5184,16
5185,27
5186,15
5187,22
5188,51
5189,1
5190,30
5191,37
5192,114
5193,5
5194,15
5195,25
5196,45
5197,17
5198,24
5199,16
5200,66
5201,18
5202,23
5203,32
5204,124
5205,34
5206,127
5207,27
5208,18
5209,5
5210,2
5211,78
5212,2
5213,2
5214,41
5215,6
5216,39
5217,5
5218,2
5219,2
5220,8
5221,1
5222,28
5223,28
5224,21
5225,5
5226,13
5227,22
5228,23
5229,47
5230,10
5231,14
5232,60
5233,95
5234,2
5235,146
5236,45
5237,55
5238,25
5239,1
5240,57
5241,52
5242,24
5243,12
5244,83
5245,27
5246,35
5247,46
5248,26
5249,73
5250,147
5251,39
5252,17
5253,17
5254,47
5255,24
5256,38
5257,57
5258,21
5259,4
5260,35
5261,20
5262,23
5263,23
5264,30
5265,90
5266,17
5267,19
5268,199
5269,163
5270,94
5271,78
5272,3
5273,51
5274,52
5275,18
5276,45
5277,20
5278,4
5279,19
5280,5
5281,33
5282,35
5283,36
5284,2
5285,44
5286,7
5287,40
5288,42
5289,6
5290,27
5291,48
5292,23
5293,12
5294,285
5295,28
5296,9
5297,18
5298,8
5299,9
5300,18
5301,40
5302,40
5303,54
5304,49
5305,9
5306,3
5307,16
5308,16
5309,23
5310,6
5311,73
5312,53
5313,7
5314,49
5315,102
5316,7
5317,30
5318,46
5319,60
5320,2
5321,30
5322,3
5323,9
5324,118
5325,12
5326,158
5327,17
5328,29
5329,13
5330,85
5331,22
5332,10
5333,4
5334,35
5335,28
5336,42
5337,26
5338,11
5339,119
5340,32
5341,38
5342,9
5343,11
5344,19
5345,10
5346,82
5347,30
5348,54
5349,5
5350,23
5351,49
5352,165
5353,5
5354,4
5355,8
5356,3
5357,64
5358,40
5359,4
5360,24
5361,49
5362,6
5363,20
5364,7
5365,16
5366,36
5367,35
5368,12
5369,21
5370,17
5371,111
5372,10
5373,109
5374,1
5375,44
5376,81
5377,126
5378,15
5379,2
5380,38
5381,53
5382,40
5383,31
5384,19
5385,107
5386,2
5387,2
5388,144
5389,134
5390,133
5391,121
5392,10
5393,77
5394,52
5395,32
5396,2
5397,52
5398,47
5399,39
5400,40
5401,1
5402,89
5403,48
5404,42
5405,67
5406,39
5407,2
5408,41
5409,2
5410,10
5411,13
5412,25
5413,43
5414,13
5415,7
5416,14
5417,3
5418,20
5419,18
5420,13
5421,13
5422,32
5423,10
5424,45
5425,18
5426,42
5427,79
5428,21
5429,7
5430,17
5431,35
5432,22
5433,4
5434,91
5435,33
5436,5
5437,8
5438,65
5439,6
5440,91
5441,141
5442,3
5443,22
5444,29
5445,8
5446,14
5447,19
5448,2
5449,4
5450,78
5451,29
5452,41
5453,6
5454,121
5455,41
5456,120
5457,27
5458,36
5459,34
5460,11
5461,1
5462,15
5463,30
5464,21
5465,2
5466,6
5467,9
5468,15
5469,23
5470,33
5471,40
5472,47
5473,29
5474,76
5475,17
5476,60
5477,236
5478,18
5479,18
5480,1
5481,7
5482,70
5483,6
5484,21
5485,32
5486,5
5487,3
5488,1
5489,75
5490,20
5491,19
5492,57
5493,8
5494,115
5495,11
5496,74
5497,14
5498,43
5499,4
5500,34
5501,79
5502,44
5503,48
5504,6
5505,3
5506,11
5507,2
5508,33
5509,36
5510,2
5511,22
5512,4
5513,116
5514,13
5515,32
5516,143
5517,60
5518,69
5519,9
5520,75
5521,2
5522,25
5523,17
5524,36
5525,1
5526,99
5527,8
5528,19
5529,7
5530,40
5531,3
5532,2
5533,5
5534,39
5535,3
5536,51
5537,5
5538,10
5539,11
5540,19
5541,62
5542,39
5543,32
5544,23
5545,34
5546,89
5547,5
5548,89
5549,13
5550,30
5551,78
5552,1
5553,15
5554,5
5555,50
5556,11
5557,1
5558,59
5559,25
5560,17
5561,37
5562,24
5563,48
5564,31
5565,51
5566,47
5567,41
5568,10
5569,22
5570,92
5571,26
5572,19
5573,85
5574,172
5575,4
5576,79
5577,31
5578,30
5579,15
5580,9
5581,149
5582,101
5583,43
5584,3
5585,155
5586,6
5587,9
5588,19
5589,13
5590,5
5591,4
5592,17
5593,7
5594,11
5595,27
5596,5
5597,2
5598,59
5599,14
5600,70
5601,31
5602,17
5603,35
5604,12
5605,12
5606,8
5607,61
5608,4
5609,23
5610,16
5611,19
5612,19
5613,53
5614,33
5615,40
5616,12
5617,33
5618,11
5619,16
5620,19
5621,4
5622,44
5623,61
5624,40
5625,40
5626,19
5627,6
5628,15
5629,60
5630,90
5631,17
5632,8
5633,54
5634,121
5635,33
5636,1
5637,14
5638,16
5639,25
5640,6
5641,68
5642,14
5643,32
5644,10
5645,54
5646,31
5647,51
5648,2
5649,9
5650,6
5651,33
5652,7
5653,26
5654,23
5655,48
5656,105
5657,18
5658,7
5659,14
5660,9
5661,5
5662,70
5663,46
5664,55
5665,43
5666,2
5667,29
5668,127
5669,24
5670,9
5671,3
5672,8
5673,31
5674,31
5675,53
5676,50
5677,4
5678,46
5679,49
5680,28
5681,34
5682,8
5683,2
5684,52
5685,11
5686,43
5687,1
5688,127
5689,38
5690,9
5691,3
5692,61
5693,9
5694,8
5695,13
5696,75
5697,17
5698,14
5699,10
5700,8
5701,11
5702,80
5703,130
5704,31
5705,11
5706,33
5707,9
5708,26
5709,37
5710,24
5711,33
5712,3
5713,3
5714,15
5715,14
5716,25
5717,59
5718,87
5719,69
5720,4
5721,2
5722,50
5723,90
5724,30
5725,18
5726,68
5727,43
5728,41
5729,12
5730,4
5731,103
5732,45
5733,1
5734,16
5735,51
5736,23
5737,28
5738,19
5739,1
5740,18
5741,18
5742,46
5743,97
5744,6
5745,66
5746,50
5747,9
5748,52
5749,32
5750,43
5751,6
5752,105
5753,14
5754,112
5755,13
5756,1
5757,20
5758,70
5759,21
5760,7
5761,31
5762,38
5763,33
5764,23
5765,78
5766,42
5767,23
5768,2
5769,28
5770,7
5771,93
5772,6
5773,3
5774,1
5775,33
5776,10
5777,32
5778,25
5779,110
5780,20
5781,52
5782,56
5783,7
5784,6
5785,13
5786,72
5787,51
5788,65
5789,71
5790,13
5791,49
5792,11
5793,27
5794,25
5795,98
5796,12
5797,68
5798,1
5799,68
5800,7
5801,92
5802,25
5803,98
5804,13
5805,28
5806,2
5807,3
5808,47
5809,50
5810,22
5811,53
5812,15
5813,13
5814,1
5815,28
5816,15
5817,6
5818,88
5819,54
5820,18
5821,7
5822,33
5823,14
5824,5
5825,18
5826,41
5827,61
5828,1
5829,59
5830,23
5831,21
5832,2
5833,25
5834,63
5835,7
5836,20
5837,67
5838,137
5839,40
5840,66
5841,4
5842,1
5843,8
5844,6
5845,17
5846,11
5847,30
5848,146
5849,109
5850,49
5851,15
5852,12
5853,41
5854,3
5855,30
5856,3
5857,34
5858,115
5859,22
5860,82
5861,86
5862,159
5863,13
5864,28
5865,94
5866,1
5867,36
5868,84
5869,5
5870,13
5871,10
5872,58
5873,13
5874,4
5875,8
5876,13
5877,17
5878,23
5879,28
5880,89
5881,52
5882,5
5883,44
5884,17
5885,17
5886,75
5887,26
5888,65
5889,69
5890,14
5891,10
5892,20
5893,75
5894,15
5895,35
5896,16
5897,46
5898,5
5899,24
5900,4
5901,58
5902,39
5903,16
5904,43
5905,2
5906,38
5907,118
5908,30
5909,113
5910,5
5911,12
5912,76
5913,6
5914,8
5915,172
5916,27
5917,12
5918,25
5919,43
5920,19
5921,20
5922,32
5923,10
5924,37
5925,33
5926,5
5927,12
5928,117
5929,5
5930,57
5931,34
5932,9
5933,6
5934,17
5935,23
5936,13
5937,27
5938,2
5939,16
5940,30
5941,46
5942,11
5943,61
5944,16
5945,46
5946,36
5947,1
5948,41
5949,15
5950,20
5951,14
5952,11
5953,17
5954,111
5955,6
5956,53
5957,5
5958,28
5959,33
5960,3
5961,17
5962,23
5963,1
5964,7
5965,28
5966,6
5967,2
5968,56
5969,62
5970,5
5971,50
5972,100
5973,4
5974,52
5975,25
5976,28
5977,51
5978,8
5979,17
5980,23
5981,46
5982,69
5983,80
5984,24
5985,3
5986,40
5987,17
5988,63
5989,11
5990,64
5991,106
5992,65
5993,11
5994,1
5995,35
5996,8
5997,29
5998,69
5999,26
6000,45
6001,15
6002,5
6003,1
6004,65
6005,20
6006,8
6007,4
6008,41
6009,3
6010,8
6011,99
6012,7
6013,66
6014,54
6015,26
6016,32
6017,36
6018,71
6019,31
6020,43
6021,22
6022,28
6023,54
6024,8
6025,33
6026,40
6027,10
6028,51
6029,26
6030,74
6031,84
6032,115
6033,34
6034,53
6035,13
6036,14
6037,43
6038,11
6039,1
6040,12
6041,21
6042,37
6043,20
6044,26
6045,8
6046,27
6047,27
6048,64
6049,28
6050,1
6051,71
6052,8
6053,77
6054,44
6055,42
6056,35
6057,46
6058,83
6059,10
6060,10
6061,50
6062,3
6063,96
6064,38
6065,48
6066,5
6067,131
6068,52
6069,16
6070,86
6071,148
6072,40
6073,9
6074,159
6075,11
6076,17
6077,22
6078,6
6079,53
6080,30
6081,3
6082,38
6083,70
6084,147
6085,20
6086,17
6087,25
6088,17
6089,28
6090,85
6091,71
6092,5
6093,3
6094,18
6095,13
6096,3
6097,57
6098,5
6099,53
6100,3
6101,17
6102,40
6103,38
6104,72
6105,30
6106,6
6107,3
6108,34
6109,49
6110,6
6111,47
6112,34
6113,12
6114,84
6115,10
6116,36
6117,11
6118,15
6119,18
6120,41
6121,5
6122,85
6123,35
6124,21
6125,111
6126,69
6127,18
6128,28
6129,28
6130,37
6131,38
6132,92
6133,4
6134,136
6135,37
6136,47
6137,69
6138,6
6139,54
6140,58
6141,96
6142,38
6143,19
6144,18
6145,10
6146,65
6147,107
6148,8
6149,11
6150,122
6151,9
6152,6
6153,5
6154,68
6155,20
6156,41
6157,49
6158,4
6159,7
6160,47
6161,31
6162,12
6163,18
6164,17
6165,9
6166,15
6167,48
6168,49
6169,1
6170,1
6171,4
6172,2
6173,28
6174,53
6175,77
6176,1
6177,6
6178,12
6179,61
6180,21
6181,22
6182,34
6183,21
6184,4
6185,34
6186,32
6187,38
6188,64
6189,1
6190,24
6191,190
6192,5
6193,52
6194,24
6195,47
6196,22
6197,32
6198,52
6199,55
6200,22
6201,74
6202,48
6203,91
6204,6
6205,12
6206,10
6207,143
6208,44
6209,44
6210,8
6211,8
6212,56
6213,24
6214,76
6215,151
6216,15
6217,22
6218,30
6219,17
6220,32
6221,20
6222,36
6223,16
6224,9
6225,119
6226,5
6227,49
6228,80
6229,6
6230,20
6231,4
6232,30
6233,7
6234,54
6235,99
6236,2
6237,9
6238,5
6239,12
6240,17
6241,8
6242,104
6243,17
6244,3
6245,30
6246,43
6247,26
6248,48
6249,165
6250,11
6251,3
6252,1
6253,7
6254,33
6255,103
6256,40
6257,28
6258,14
6259,27
6260,66
6261,40
6262,225
6263,50
6264,85
6265,79
6266,13
6267,60
6268,4
6269,1
6270,36
6271,20
6272,9
6273,17
6274,42
6275,11
6276,100
6277,22
6278,79
6279,42
6280,33
6281,82
6282,11
6283,1
6284,82
6285,12
6286,72
6287,15
6288,22
6289,12
6290,25
6291,25
6292,6
6293,66
6294,38
6295,4
6296,1
6297,71
6298,30
6299,8
6300,68
6301,51
6302,49
6303,79
6304,1
6305,56
6306,93
6307,5
6308,5
6309,79
6310,61
6311,48
6312,46
6313,26
6314,38
6315,2
6316,11
6317,124
6318,10
6319,37
6320,3
6321,16
6322,10
6323,56
6324,36
6325,52
6326,17
6327,1
6328,39
6329,15
6330,11
6331,3
6332,30
6333,17
6334,37
6335,70
6336,50
6337,74
6338,19
6339,12
6340,71
6341,24
6342,66
6343,36
6344,66
6345,22
6346,72
6347,19
6348,86
6349,43
6350,1
6351,97
6352,57
6353,26
6354,6
6355,4
6356,113
6357,4
6358,54
6359,56
6360,5
6361,24
6362,7
6363,36
6364,87
6365,7
6366,52
6367,32
6368,24
6369,33
6370,6
6371,4
6372,9
6373,56
6374,8
6375,49
6376,33
6377,19
6378,4
6379,3
6380,9
6381,9
6382,9
6383,15
6384,97
6385,76
6386,4
6387,3
6388,8
6389,3
6390,17
6391,43
6392,6
6393,1
6394,5
6395,80
6396,112
6397,12
6398,5
6399,27
6400,23
6401,17
6402,219
6403,25
6404,12
6405,44
6406,12
6407,1
6408,53
6409,16
6410,50
6411,7
6412,44
6413,33
6414,107
6415,66
6416,93
6417,18
6418,145
6419,35
6420,59
6421,77
6422,12
6423,39
6424,22
6425,52
6426,101
6427,5
6428,3
6429,4
6430,28
6431,15
6432,5
6433,90
6434,44
6435,7
6436,96
6437,56
6438,32
6439,76
6440,12
6441,94
6442,125
6443,12
6444,4
6445,17
6446,4
6447,13
6448,36
6449,68
6450,2
6451,48
6452,10
6453,14
6454,126
6455,16
6456,52
6457,64
6458,39
6459,50
6460,7
6461,18
6462,13
6463,2
6464,3
6465,2
6466,1
6467,28
6468,81
6469,65
6470,24
6471,72
6472,21
6473,18
6474,64
6475,18
6476,10
6477,7
6478,72
6479,4
6480,68
6481,35
6482,12
6483,12
6484,108
6485,129
6486,59
6487,49
6488,113
6489,48
6490,4
6491,22
6492,27
6493,74
6494,74
6495,44
6496,65
6497,54
6498,54
6499,7
6500,1
6501,172
6502,9
6503,88
6504,5
6505,11
6506,13
6507,60
6508,10
6509,54
6510,17
6511,26
6512,166
6513,21
6514,26
6515,49
6516,3
6517,75
6518,31
6519,62
6520,51
6521,54
6522,36
6523,45
6524,1
6525,44
6526,18
6527,11
6528,15
6529,59
6530,24
6531,39
6532,31
6533,58
6534,26
6535,8
6536,109
6537,66
6538,56
6539,33
6540,70
6541,19
6542,29
6543,72
6544,40
6545,18
6546,19
6547,84
6548,13
6549,29
6550,4
6551,8
6552,26
6553,32
6554,136
6555,37
6556,59
6557,2
6558,7
6559,24
6560,4
6561,96
6562,62
6563,33
6564,32
6565,8
6566,57
6567,46
6568,54
6569,4
6570,20
6571,4
6572,13
6573,25
6574,19
6575,17
6576,43
6577,24
6578,10
6579,71
6580,46
6581,15
6582,41
6583,13
6584,15
6585,53
6586,37
6587,21
6588,6
6589,7
6590,1
6591,42
6592,92
6593,35
6594,4
6595,12
6596,50
6597,22
6598,26
6599,3
6600,9
6601,3
6602,13
6603,19
6604,8
6605,3
6606,156
6607,18
6608,87
6609,9
6610,12
6611,53
6612,36
6613,13
6614,3
6615,12
6616,43
6617,45
6618,5
6619,92
6620,51
6621,6
6622,16
6623,17
6624,25
6625,6
6626,28
6627,37
6628,4
6629,18
6630,33
6631,94
6632,16
6633,22
6634,25
6635,22
6636,42
6637,6
6638,17
6639,83
6640,18
6641,6
6642,115
6643,257
6644,70
6645,39
6646,1
6647,84
6648,90
6649,9
6650,2
6651,18
6652,76
6653,33
6654,2
6655,3
6656,62
6657,130
6658,27
6659,5
6660,112
6661,6
6662,53
6663,20
6664,47
6665,69
6666,10
6667,253
6668,27
6669,7
6670,40
6671,22
6672,21
6673,3
6674,9
6675,52
6676,2
6677,195
6678,12
6679,12
6680,46
6681,29
6682,58
6683,8
6684,5
6685,18
6686,59
6687,10
6688,214
6689,30
6690,4
6691,49
6692,15
6693,1
6694,38
6695,13
6696,36
6697,56
6698,25
6699,58
6700,9
6701,15
6702,39
6703,75
6704,22
6705,2
6706,82
6707,7
6708,40
6709,87
6710,98
6711,41
6712,101
6713,9
6714,73
6715,5
6716,36
6717,16
6718,35
6719,55
6720,6
6721,38
6722,37
6723,39
6724,20
6725,28
6726,17
6727,72
6728,13
6729,1
6730,54
6731,34
6732,54
6733,7
6734,47
6735,39
6736,29
6737,16
6738,24
6739,17
6740,36
6741,4
6742,9
6743,6
6744,141
6745,4
6746,5
6747,110
6748,24
6749,36
6750,37
6751,43
6752,7
6753,5
6754,108
6755,2
6756,11
6757,5
6758,40
6759,151
6760,4
6761,3
6762,6
6763,93
6764,50
6765,88
6766,50
6767,2
6768,19
6769,28
6770,40
6771,62
6772,104
6773,47
6774,151
6775,11
6776,5
6777,12
6778,58
6779,20
6780,78
6781,6
6782,34
6783,15
6784,8
6785,132
6786,18
6787,57
6788,21
6789,69
6790,1
6791,62
6792,62
6793,27
6794,148
6795,41
6796,16
6797,34
6798,1
6799,54
6800,14
6801,14
6802,28
6803,14
6804,101
6805,6
6806,6
6807,4
6808,44
6809,31
6810,18
6811,7
6812,23
6813,52
6814,60
6815,4
6816,3
6817,63
6818,21
6819,6
6820,33
6821,80
6822,7
6823,62
6824,37
6825,13
6826,10
6827,6
6828,57
6829,36
6830,11
6831,26
6832,42
6833,42
6834,81
6835,27
6836,58
6837,11
6838,100
6839,4
6840,12
6841,20
6842,38
6843,15
6844,10
6845,70
6846,26
6847,10
6848,44
6849,36
6850,32
6851,20
6852,26
6853,27
6854,12
6855,39
6856,117
6857,7
6858,157
6859,21
6860,1
6861,48
6862,11
6863,58
6864,48
6865,30
6866,72
6867,9
6868,8
6869,9
6870,28
6871,8
6872,73
6873,35
6874,34
6875,144
6876,2
6877,11
6878,78
6879,3
6880,6
6881,10
6882,14
6883,63
6884,49
6885,42
6886,34
6887,20
6888,24
6889,10
6890,2
6891,119
6892,53
6893,63
6894,71
6895,80
6896,13
6897,7
6898,4
6899,75
6900,36
6901,21
6902,126
6903,9
6904,88
6905,4
6906,8
6907,15
6908,43
6909,63
6910,40
6911,8
6912,50
6913,79
6914,30
6915,45
6916,30
6917,8
6918,9
6919,3
6920,10
6921,1
6922,3
6923,39
6924,108
6925,1
6926,56
6927,8
6928,7
6929,96
6930,46
6931,91
6932,41
6933,17
6934,24
6935,13
6936,2
6937,24
6938,63
6939,26
6940,20
6941,25
6942,9
6943,35
6944,26
6945,1
6946,24
6947,37
6948,10
6949,80
6950,12
6951,77
6952,4
6953,26
6954,13
6955,7
6956,28
6957,31
6958,41
6959,10
6960,12
6961,158
6962,107
6963,154
6964,53
6965,29
6966,15
6967,101
6968,13
6969,26
6970,22
6971,58
6972,4
6973,78
6974,23
6975,8
6976,43
6977,123
6978,20
6979,8
6980,9
6981,29
6982,66
6983,15
6984,38
6985,36
6986,22
6987,29
6988,21
6989,71
6990,11
6991,29
6992,2
6993,8
6994,33
6995,59
6996,20
6997,8
6998,158
6999,42
7000,37
7001,2
7002,37
7003,3
7004,50
7005,12
7006,16
7007,25
7008,81
7009,36
7010,4
7011,34
7012,63
7013,45
7014,24
7015,2
7016,67
7017,17
7018,89
7019,8
7020,45
7021,18
7022,37
7023,32
7024,17
7025,50
7026,9
7027,64
7028,3
7029,10
7030,5
7031,1
7032,105
7033,122
7034,22
7035,50
7036,65
7037,7
7038,48
7039,8
7040,44
7041,72
7042,9
7043,18
7044,105
7045,2
7046,36
7047,34
7048,4
7049,7
7050,10
7051,148
7052,114
7053,13
7054,82
7055,86
7056,45
7057,45
7058,7
7059,33
7060,45
7061,57
7062,73
7063,10
7064,17
7065,19
7066,39
7067,3
7068,18
7069,17
7070,74
7071,14
7072,25
7073,137
7074,22
7075,8
7076,1
7077,20
7078,7
7079,61
7080,14
7081,17
7082,23
7083,60
7084,10
7085,1
7086,2
7087,83
7088,41
7089,11
7090,30
7091,21
7092,96
7093,98
7094,59
7095,9
7096,3
7097,3
7098,18
7099,20
7100,7
7101,149
7102,95
7103,26
7104,5
7105,10
7106,164
7107,35
7108,13
7109,4
7110,11
7111,7
7112,7
7113,36
7114,12
7115,5
7116,33
7117,57
7118,49
7119,12
7120,13
7121,21
7122,5
7123,9
7124,10
7125,25
7126,29
7127,29
7128,35
7129,51
7130,7
7131,14
7132,26
7133,32
7134,49
7135,65
7136,30
7137,11
7138,21
7139,43
7140,3
7141,73
7142,25
7143,16
7144,71
7145,40
7146,11
7147,6
7148,17
7149,152
7150,49
7151,9
7152,75
7153,28
7154,149
7155,11
7156,30
7157,21
7158,45
7159,17
7160,20
7161,13
7162,46
7163,145
7164,18
7165,5
7166,8
7167,47
7168,16
7169,37
7170,3
7171,119
7172,21
7173,54
7174,42
7175,27
7176,24
7177,2
7178,58
7179,163
7180,4
7181,12
7182,1
7183,3
7184,15
7185,2
7186,30
7187,29
7188,16
7189,35
7190,49
7191,3
7192,21
7193,130
7194,56
7195,66
7196,13
7197,19
7198,35
7199,7
7200,54
7201,164
7202,35
7203,48
7204,49
7205,24
7206,14
7207,44
7208,46
7209,3
7210,18
7211,10
7212,43
7213,10
7214,66
7215,18
7216,21
7217,107
7218,3
7219,15
7220,4
7221,15
7222,18
7223,107
7224,6
7225,13
7226,2
7227,4
7228,4
7229,12
7230,11
7231,1
7232,100
7233,32
7234,71
7235,29
7236,8
7237,16
7238,124
7239,7
7240,56
7241,24
7242,3
7243,66
7244,25
7245,22
7246,23
7247,106
7248,4
7249,45
7250,13
7251,30
7252,7
7253,38
7254,18
7255,39
7256,8
7257,102
7258,44
7259,52
7260,33
7261,66
7262,42
7263,76
7264,33
7265,93
7266,18
7267,16
7268,27
7269,20
7270,78
7271,64
7272,16
7273,5
7274,11
7275,4
7276,8
7277,28
7278,3
7279,12
7280,55
7281,19
7282,27
7283,88
7284,60
7285,19
7286,27
7287,1
7288,8
7289,3
7290,2
7291,88
7292,6
7293,26
7294,46
7295,18
7296,5
7297,2
7298,12
7299,13
7300,11
7301,3
7302,31
7303,24
7304,75
7305,12
7306,23
7307,34
7308,16
7309,2
7310,7
7311,31
7312,20
7313,23
7314,11
7315,120
7316,20
7317,62
7318,21
7319,45
7320,7
7321,92
7322,70
7323,48
7324,25
7325,12
7326,4
7327,106
7328,74
7329,41
7330,33
7331,65
7332,13
7333,130
7334,59
7335,62
7336,31
7337,42
7338,72
7339,14
7340,122
7341,54
7342,33
7343,7
7344,13
7345,7
7346,51
7347,8
7348,30
7349,29
7350,28
7351,11
7352,79
7353,14
7354,21
7355,40
7356,100
7357,34
7358,23
7359,29
7360,28
7361,28
7362,4
7363,36
7364,46
7365,117
7366,5
7367,9
7368,42
7369,49
7370,68
7371,14
7372,5
7373,124
7374,12
7375,3
7376,9
7377,29
7378,103
7379,10
7380,49
7381,87
7382,29
7383,17
7384,16
7385,100
7386,31
7387,26
7388,73
7389,77
7390,8
7391,42
7392,64
7393,9
7394,33
7395,44
7396,13
7397,30
7398,20
7399,15
7400,14
7401,22
7402,41
7403,15
7404,20
7405,20
7406,81
7407,10
7408,4
7409,13
7410,2
7411,87
7412,1
7413,103
7414,55
7415,30
7416,8
7417,118
7418,94
7419,12
7420,5
7421,53
7422,6
7423,23
7424,4
7425,26
7426,16
7427,29
7428,6
7429,35
7430,15
7431,4
7432,43
7433,3
7434,5
7435,6
7436,4
7437,8
7438,10
7439,5
7440,41
7441,19
7442,7
7443,91
7444,45
7445,64
7446,80
7447,9
7448,32
7449,37
7450,31
7451,8
7452,9
7453,141
7454,9
7455,41
7456,15
7457,3
7458,54
7459,12
7460,6
7461,21
7462,50
7463,21
7464,1
7465,21
7466,27
7467,21
7468,187
7469,10
7470,83
7471,21
7472,21
7473,19
7474,90
7475,35
7476,13
7477,18
7478,16
7479,4
7480,137
7481,5
7482,18
7483,160
7484,41
7485,63
7486,54
7487,88
7488,26
7489,3
7490,36
7491,4
7492,18
7493,12
7494,112
7495,158
7496,3
7497,17
7498,41
7499,17
7500,46
7501,163
7502,5
7503,53
7504,4
7505,34
7506,94
7507,21
7508,17
7509,6
7510,19
7511,21
7512,47
7513,5
7514,7
7515,65
7516,57
7517,70
7518,32
7519,3
7520,57
7521,53
7522,40
7523,37
7524,11
7525,15
7526,44
7527,43
7528,83
7529,32
7530,137
7531,65
7532,17
7533,89
7534,9
7535,8
7536,25
7537,16
7538,7
7539,1
7540,28
7541,4
7542,5
7543,78
7544,7
7545,16
7546,10
7547,37
7548,3
7549,58
7550,11
7551,187
7552,74
7553,15
7554,6
7555,8
7556,18
7557,26
7558,9
7559,24
7560,55
7561,30
7562,219
7563,39
7564,1
7565,25
7566,34
7567,5
7568,10
7569,66
7570,6
7571,1
7572,12
7573,99
7574,44
7575,54
7576,15
7577,46
7578,8
7579,114
7580,37
7581,27
7582,68
7583,16
7584,31
7585,40
7586,28
7587,88
7588,22
7589,17
7590,13
7591,4
7592,6
7593,31
7594,18
7595,2
7596,18
7597,110
7598,17
7599,12
7600,11
7601,8
7602,27
7603,4
7604,33
7605,47
7606,6
7607,49
7608,79
7609,29
7610,137
7611,5
7612,74
7613,21
7614,8
7615,26
7616,25
7617,49
7618,97
7619,3
7620,121
7621,16
7622,9
7623,168
7624,25
7625,26
7626,10
7627,22
7628,45
7629,15
7630,11
7631,84
7632,11
7633,14
7634,96
7635,80
7636,12
7637,107
7638,71
7639,193
7640,5
7641,19
7642,32
7643,11
7644,48
7645,10
7646,18
7647,2
7648,10
7649,74
7650,69
7651,22
7652,24
7653,32
7654,73
7655,4
7656,28
7657,5
7658,8
7659,86
7660,29
7661,1
7662,21
7663,30
7664,109
7665,32
7666,69
7667,41
7668,39
7669,16
7670,32
7671,26
7672,19
7673,31
7674,6
7675,74
7676,6
7677,57
7678,19
7679,186
7680,13
7681,5
7682,17
7683,86
7684,26
7685,64
7686,33
7687,51
7688,14
7689,55
7690,100
7691,51
7692,62
7693,23
7694,85
7695,66
7696,85
7697,96
7698,16
7699,44
7700,78
7701,4
7702,9
7703,30
7704,13
7705,32
7706,23
7707,13
7708,19
7709,25
7710,10
7711,35
7712,1
7713,8
7714,24
7715,93
7716,4
7717,84
7718,27
7719,1
7720,76
7721,4
7722,50
7723,10
7724,1
7725,11
7726,14
7727,78
7728,6
7729,9
7730,34
7731,17
7732,8
7733,26
7734,36
7735,69
7736,40
7737,32
7738,45
7739,152
7740,59
7741,17
7742,3
7743,5
7744,105
7745,38
7746,38
7747,22
7748,19
7749,49
7750,135
7751,41
7752,2
7753,9
7754,49
7755,10
7756,17
7757,249
7758,61
7759,40
7760,4
7761,9
7762,13
7763,81
7764,7
7765,98
7766,47
7767,2
7768,8
7769,16
7770,122
7771,3
7772,22
7773,34
7774,58
7775,37
7776,10
7777,22
7778,25
7779,30
7780,1
7781,70
7782,29
7783,36
7784,3
7785,4
7786,15
7787,37
7788,20
7789,21
7790,43
7791,5
7792,36
7793,26
7794,172
7795,23
7796,2
7797,52
7798,27
7799,64
7800,94
7801,60
7802,21
7803,64
7804,15
7805,5
7806,13
7807,7
7808,2
7809,65
7810,14
7811,4
7812,7
7813,64
7814,73
7815,44
7816,71
7817,44
7818,8
7819,16
7820,75
7821,50
7822,9
7823,23
7824,45
7825,157
7826,12
7827,9
7828,38
7829,20
7830,71
7831,44
7832,40
7833,19
7834,98
7835,13
7836,90
7837,96
7838,6
7839,55
7840,39
7841,2
7842,83
7843,8
7844,19
7845,58
7846,40
7847,59
7848,23
7849,28
7850,35
7851,52
7852,19
7853,7
7854,22
7855,9
7856,9
7857,20
7858,107
7859,7
7860,14
7861,29
7862,9
7863,14
7864,18
7865,12
7866,2
7867,16
7868,73
7869,75
7870,30
7871,81
7872,37
7873,51
7874,61
7875,16
7876,6
7877,15
7878,1
7879,20
7880,6
7881,21
7882,62
7883,15
7884,104
7885,26
7886,25
7887,52
7888,36
7889,96
7890,65
7891,12
7892,13
7893,72
7894,51
7895,28
7896,37
7897,16
7898,35
7899,25
7900,18
7901,81
7902,6
7903,9
7904,79
7905,14
7906,37
7907,11
7908,66
7909,22
7910,46
7911,115
7912,26
7913,103
7914,1
7915,18
7916,2
7917,4
7918,41
7919,5
7920,5
7921,45
7922,27
7923,50
7924,89
7925,94
7926,40
7927,3
7928,21
7929,126
7930,69
7931,2
7932,11
7933,39
7934,70
7935,19
7936,15
7937,33
7938,20
7939,62
7940,176
7941,18
7942,35
7943,4
7944,22
7945,10
7946,9
7947,14
7948,15
7949,42
7950,13
7951,50
7952,7
7953,63
7954,53
7955,9
7956,101
7957,27
7958,18
7959,6
7960,101
7961,9
7962,8
7963,48
7964,17
7965,37
7966,14
7967,11
7968,10
7969,9
7970,70
7971,4
7972,8
7973,13
7974,14
7975,13
7976,11
7977,65
7978,122
7979,13
7980,16
7981,1
7982,38
7983,44
7984,26
7985,10
7986,2
7987,8
7988,41
7989,12
7990,7
7991,133
7992,66
7993,3
7994,70
7995,44
7996,26
7997,101
7998,22
7999,247
8000,27
8001,2
8002,2
8003,24
8004,7
8005,26
8006,51
8007,1
8008,22
8009,94
8010,24
8011,26
8012,36
8013,50
8014,8
8015,91
8016,51
8017,10
8018,47
8019,58
8020,89
8021,23
8022,33
8023,42
8024,42
8025,7
8026,5
8027,17
8028,8
8029,72
8030,5
8031,12
8032,88
8033,38
8034,19
8035,40
8036,46
8037,18
8038,154
8039,16
8040,14
8041,6
8042,28
8043,63
8044,20
8045,14
8046,40
8047,107
8048,26
8049,11
8050,24
8051,17
8052,9
8053,22
8054,59
8055,8
8056,158
8057,5
8058,6
8059,18
8060,56
8061,30
8062,8
8063,40
8064,92
8065,53
8066,96
8067,135
8068,19
8069,126
8070,46
8071,112
8072,86
8073,40
8074,62
8075,16
8076,53
8077,17
8078,4
8079,5
8080,48
8081,5
8082,3
8083,33
8084,30
8085,13
8086,73
8087,8
8088,1
8089,54
8090,30
8091,63
8092,21
8093,87
8094,36
8095,25
8096,56
8097,14
8098,10
8099,48
8100,15
8101,36
8102,26
8103,3
8104,61
8105,64
8106,10
8107,119
8108,99
8109,53
8110,12
8111,22
8112,45
8113,29
8114,1
8115,56
8116,16
8117,5
8118,82
8119,61
8120,76
8121,28
8122,95
8123,115
8124,28
8125,25
8126,10
8127,28
8128,1
8129,19
8130,14
8131,38
8132,102
8133,13
8134,26
8135,45
8136,12
8137,16
8138,87
8139,48
8140,5
8141,16
8142,9
8143,24
8144,21
8145,2
8146,63
8147,55
8148,24
8149,15
8150,3
8151,41
8152,51
8153,43
8154,2
8155,42
8156,53
8157,3
8158,49
8159,4
8160,3
8161,52
8162,12
8163,32
8164,50
8165,62
8166,12
8167,2
8168,25
8169,39
8170,6
8171,22
8172,80
8173,34
8174,176
8175,85
8176,46
8177,56
8178,56
8179,1
8180,112
8181,4
8182,1
8183,58
8184,14
8185,22
8186,23
8187,20
8188,59
8189,54
8190,36
8191,81
8192,15
8193,79
8194,36
8195,62
8196,15
8197,65
8198,2
8199,25
8200,5
8201,17
8202,13
8203,13
8204,75
8205,26
8206,4
8207,2
8208,34
8209,50
8210,90
8211,161
8212,12
8213,23
8214,31
8215,76
8216,66
8217,27
8218,6
8219,7
8220,21
8221,44
8222,143
8223,56
8224,6
8225,49
8226,10
8227,19
8228,39
8229,118
8230,1
8231,29
8232,16
8233,4
8234,16
8235,54
8236,25
8237,71
8238,16
8239,41
8240,58
8241,104
8242,18
8243,22
8244,7
8245,8
8246,16
8247,29
8248,14
8249,2
8250,15
8251,24
8252,39
8253,29
8254,13
8255,27
8256,52
8257,9
8258,79
8259,12
8260,53
8261,12
8262,62
8263,30
8264,41
8265,23
8266,41
8267,8
8268,20
8269,20
8270,5
8271,19
8272,59
8273,4
8274,15
8275,13
8276,9
8277,21
8278,50
8279,44
8280,44
8281,63
8282,13
8283,51
8284,14
8285,5
8286,81
8287,41
8288,51
8289,28
8290,69
8291,47
8292,21
8293,8
8294,12
8295,6
8296,9
8297,35
8298,37
8299,46
8300,22
8301,12
8302,23
8303,187
8304,30
8305,49
8306,41
8307,16
8308,2
8309,40
8310,32
8311,15
8312,74
8313,80
8314,44
8315,31
8316,46
8317,93
8318,23
8319,74
8320,11
8321,18
8322,11
8323,14
8324,190
8325,1
8326,55
8327,86
8328,30
8329,44
8330,146
8331,20
8332,69
8333,79
8334,81
8335,8
8336,7
8337,3
8338,46
8339,10
8340,66
8341,40
8342,33
8343,32
8344,79
8345,32
8346,10
8347,9
8348,10
8349,24
8350,17
8351,6
8352,65
8353,6
8354,59
8355,52
8356,38
8357,30
8358,81
8359,7
8360,22
8361,12
8362,31
8363,113
8364,11
8365,37
8366,101
8367,78
8368,64
8369,49
8370,24
8371,43
8372,30
8373,40
8374,130
8375,43
8376,119
8377,23
8378,5
8379,27
8380,8
8381,9
8382,11
8383,39
8384,38
8385,73
8386,25
8387,17
8388,8
8389,74
8390,27
8391,21
8392,26
8393,9
8394,131
8395,22
8396,7
8397,47
8398,82
8399,11
8400,64
8401,56
8402,43
8403,9
8404,4
8405,15
8406,88
8407,9
8408,4
8409,29
8410,2
8411,8
8412,15
8413,43
8414,5
8415,55
8416,64
8417,3
8418,31
8419,7
8420,11
8421,3
8422,111
8423,11
8424,39
8425,10
8426,12
8427,1
8428,34
8429,40
8430,28
8431,78
8432,11
8433,6
8434,15
8435,6
8436,32
8437,33
8438,15
8439,5
8440,12
8441,2
8442,62
8443,29
8444,50
8445,32
8446,53
8447,7
8448,62
8449,37
8450,51
8451,1
8452,73
8453,34
8454,3
8455,15
8456,4
8457,10
8458,55
8459,77
8460,36
8461,60
8462,5
8463,7
8464,33
8465,22
8466,6
8467,24
8468,23
8469,99
8470,3
8471,2
8472,96
8473,47
8474,26
8475,60
8476,19
8477,20
8478,46
8479,19
8480,6
8481,56
8482,73
8483,1
8484,11
8485,43
8486,20
8487,14
8488,5
8489,8
8490,14
8491,20
8492,36
8493,80
8494,60
8495,2
8496,45
8497,42
8498,17
8499,83
8500,25
8501,26
8502,3
8503,39
8504,106
8505,8
8506,17
8507,2
8508,35
8509,26
8510,33
8511,44
8512,83
8513,20
8514,29
8515,141
8516,60
8517,16
8518,68
8519,45
8520,15
8521,62
8522,31
8523,17
8524,31
8525,57
8526,98
8527,10
8528,12
8529,6
8530,22
8531,45
8532,9
8533,28
8534,20
8535,10
8536,51
8537,29
8538,28
8539,1
8540,207
8541,21
8542,136
8543,20
8544,67
8545,11
8546,16
8547,43
8548,74
8549,135
8550,22
8551,15
8552,27
8553,51
8554,59
8555,128
8556,53
8557,1
8558,2
8559,84
8560,1
8561,43
8562,10
8563,37
8564,40
8565,43
8566,16
8567,20
8568,88
8569,1
8570,39
8571,6
8572,33
8573,6
8574,15
8575,94
8576,38
8577,9
8578,23
8579,34
8580,25
8581,3
8582,46
8583,6
8584,57
8585,79
8586,28
8587,3
8588,37
8589,8
8590,81
8591,8
8592,29
8593,20
8594,40
8595,32
8596,6
8597,10
8598,47
8599,28
8600,14
8601,37
8602,9
8603,14
8604,4
8605,61
8606,10
8607,3
8608,1
8609,4
8610,113
8611,11
8612,34
8613,1
8614,139
8615,51
8616,6
8617,2
8618,1
8619,3
8620,4
8621,14
8622,78
8623,74
8624,36
8625,8
8626,11
8627,3
8628,36
8629,33
8630,14
8631,52
8632,59
8633,8
8634,45
8635,54
8636,17
8637,24
8638,11
8639,4
8640,26
8641,12
8642,38
8643,38
8644,69
8645,8
8646,9
8647,2
8648,3
8649,39
8650,2
8651,6
8652,8
8653,20
8654,27
8655,9
8656,125
8657,25
8658,21
8659,2
8660,7
8661,32
8662,28
8663,4
8664,12
8665,137
8666,109
8667,16
8668,3
8669,3
8670,69
8671,136
8672,29
8673,34
8674,60
8675,3
8676,72
8677,5
8678,17
8679,46
8680,31
8681,34
8682,2
8683,20
8684,14
8685,25
8686,9
8687,77
8688,2
8689,87
8690,77
8691,25
8692,5
8693,26
8694,33
8695,14
8696,28
8697,74
8698,2
8699,32
8700,31
8701,36
8702,5
8703,15
8704,9
8705,30
8706,11
8707,25
8708,33
8709,8
8710,14
8711,6
8712,8
8713,37
8714,4
8715,20
8716,73
8717,127
8718,1
8719,13
8720,31
8721,14
8722,16
8723,70
8724,32
8725,12
8726,14
8727,57
8728,26
8729,47
8730,16
8731,26
8732,34
8733,107
8734,140
8735,14
8736,32
8737,47
8738,6
8739,17
8740,269
8741,80
8742,23
8743,49
8744,39
8745,2
8746,53
8747,4
8748,9
8749,21
8750,20
8751,87
8752,9
8753,1
8754,12
8755,39
8756,4
8757,19
8758,26
8759,9
8760,4
8761,6
8762,64
8763,81
8764,37
8765,15
8766,4
8767,64
8768,16
8769,7
8770,27
8771,15
8772,14
8773,3
8774,2
8775,5
8776,16
8777,87
8778,70
8779,76
8780,33
8781,23
8782,100
8783,2
8784,92
8785,37
8786,1
8787,41
8788,37
8789,65
8790,25
8791,13
8792,6
8793,2
8794,53
8795,58
8796,1
8797,29
8798,44
8799,97
8800,23
8801,22
8802,22
8803,31
8804,25
8805,24
8806,79
8807,40
8808,117
8809,29
8810,45
8811,31
8812,70
8813,16
8814,15
8815,57
8816,7
8817,8
8818,15
8819,17
8820,4
8821,10
8822,119
8823,3
8824,3
8825,2
8826,1
8827,65
8828,40
8829,13
8830,17
8831,27
8832,29
8833,113
8834,67
8835,121
8836,9
8837,14
8838,35
8839,5
8840,38
8841,8
8842,2
8843,26
8844,30
8845,15
8846,57
8847,109
8848,30
8849,117
8850,7
8851,8
8852,81
8853,53
8854,8
8855,247
8856,10
8857,29
8858,104
8859,89
8860,112
8861,74
8862,24
8863,11
8864,1
8865,6
8866,27
8867,126
8868,21
8869,9
8870,29
8871,6
8872,41
8873,52
8874,52
8875,28
8876,14
8877,45
8878,89
8879,29
8880,33
8881,31
8882,99
8883,63
8884,8
8885,109
8886,31
8887,55
8888,13
8889,23
8890,43
8891,44
8892,7
8893,129
8894,6
8895,61
8896,41
8897,69
8898,27
8899,13
8900,31
8901,203
8902,29
8903,92
8904,38
8905,1
8906,132
8907,31
8908,24
8909,10
8910,3
8911,17
8912,36
8913,25
8914,19
8915,3
8916,14
8917,123
8918,70
8919,24
8920,142
8921,3
8922,14
8923,45
8924,87
8925,11
8926,15
8927,3
8928,14
8929,5
8930,77
8931,30
8932,33
8933,1
8934,14
8935,24
8936,13
8937,7
8938,6
8939,12
8940,8
8941,74
8942,5
8943,69
8944,6
8945,11
8946,26
8947,17
8948,23
8949,31
8950,1
8951,56
8952,8
8953,1
8954,27
8955,38
8956,13
8957,33
8958,80
8959,9
8960,83
8961,55
8962,50
8963,6
8964,30
8965,72
8966,28
8967,6
8968,2
8969,68
8970,80
8971,197
8972,132
8973,27
8974,15
8975,28
8976,13
8977,2
8978,2
8979,66
8980,24
8981,75
8982,54
8983,45
8984,40
8985,4
8986,36
8987,33
8988,1
8989,13
8990,19
8991,27
8992,101
8993,32
8994,33
8995,1
8996,30
8997,6
8998,16
8999,55
9000,33
9001,60
9002,29
9003,72
9004,25
9005,31
9006,47
9007,9
9008,51
9009,37
9010,29
9011,94
9012,53
9013,29
9014,29
9015,78
9016,1
9017,76
9018,2
9019,76
9020,191
9021,1
9022,3
9023,44
9024,14
9025,25
9026,41
9027,20
9028,48
9029,35
9030,48
9031,11
9032,105
9033,8
9034,52
9035,4
9036,2
9037,46
9038,58
9039,26
9040,15
9041,8
9042,28
9043,5
9044,22
9045,86
9046,11
9047,74
9048,35
9049,1
9050,12
9051,42
9052,2
9053,30
9054,56
9055,30
9056,7
9057,11
9058,44
9059,11
9060,37
9061,4
9062,35
9063,7
9064,49
9065,4
9066,34
9067,4
9068,22
9069,22
9070,20
9071,30
9072,24
9073,85
9074,13
9075,60
9076,127
9077,6
9078,82
9079,18
9080,53
9081,19
9082,34
9083,92
9084,5
9085,46
9086,30
9087,36
9088,13
9089,4
9090,51
9091,19
9092,39
9093,33
9094,69
9095,21
9096,29
9097,2
9098,135
9099,34
9100,18
9101,4
9102,23
9103,29
9104,33
9105,19
9106,18
9107,117
9108,29
9109,32
9110,15
9111,3
9112,2
9113,34
9114,141
9115,20
9116,8
9117,9
9118,15
9119,3
9120,17
9121,55
9122,88
9123,4
9124,4
9125,79
9126,136
9127,106
9128,3
9129,69
9130,76
9131,9
9132,49
9133,29
9134,19
9135,1
9136,25
9137,23
9138,17
9139,15
9140,8
9141,9
9142,56
9143,113
9144,41
9145,19
9146,15
9147,15
9148,26
9149,66
9150,3
9151,13
9152,11
9153,27
9154,28
9155,4
9156,11
9157,106
9158,8
9159,97
9160,9
9161,28
9162,23
9163,80
9164,32
9165,4
9166,47
9167,55
9168,1
9169,8
9170,28
9171,3
9172,56
9173,30
9174,41
9175,42
9176,75
9177,1
9178,43
9179,19
9180,32
9181,12
9182,5
9183,95
9184,21
9185,34
9186,95
9187,1
9188,12
9189,5
9190,30
9191,28
9192,12
9193,6
9194,103
9195,3
9196,11
9197,11
9198,30
9199,28
9200,4
9201,60
9202,56
9203,3
9204,61
9205,62
9206,130
9207,47
9208,21
9209,19
9210,24
9211,95
9212,2
9213,48
9214,22
9215,47
9216,18
9217,3
9218,27
9219,5
9220,31
9221,15
9222,94
9223,2
9224,56
9225,64
9226,10
9227,11
9228,45
9229,4
9230,14
9231,26
9232,56
9233,23
9234,3
9235,30
9236,30
9237,21
9238,17
9239,140
9240,7
9241,68
9242,49
9243,2
9244,82
9245,44
9246,13
9247,94
9248,39
9249,7
9250,28
9251,14
9252,4
9253,2
9254,57
9255,5
9256,43
9257,103
9258,21
9259,1
9260,34
9261,2
9262,8
9263,45
9264,13
9265,7
9266,15
9267,51
9268,16
9269,45
9270,208
9271,31
9272,2
9273,47
9274,43
9275,31
9276,15
9277,56
9278,2
9279,1
9280,19
9281,1
9282,70
9283,56
9284,2
9285,48
9286,56
9287,72
9288,16
9289,57
9290,17
9291,43
9292,9
9293,22
9294,35
9295,6
9296,53
9297,42
9298,23
9299,45
9300,14
9301,8
9302,2
9303,10
9304,25
9305,29
9306,44
9307,66
9308,3
9309,17
9310,28
9311,1
9312,63
9313,48
9314,11
9315,2
9316,17
9317,110
9318,1
9319,9
9320,1
9321,29
9322,15
9323,39
9324,25
9325,130
9326,8
9327,7
9328,42
9329,8
9330,103
9331,199
9332,8
9333,10
9334,119
9335,23
9336,41
9337,65
9338,11
9339,2
9340,50
9341,52
9342,22
9343,1
9344,114
9345,7
9346,161
9347,138
9348,59
9349,80
9350,24
9351,53
9352,80
9353,6
9354,56
9355,3
9356,19
9357,6
9358,1
9359,6
9360,10
9361,105
9362,54
9363,8
9364,48
9365,62
9366,78
9367,75
9368,20
9369,40
9370,15
9371,98
9372,8
9373,37
9374,38
9375,6
9376,1
9377,40
9378,3
9379,73
9380,9
9381,2
9382,1
9383,54
9384,13
9385,9
9386,56
9387,14
9388,40
9389,18
9390,7
9391,25
9392,109
9393,25
9394,25
9395,26
9396,7
9397,19
9398,11
9399,20
9400,57
9401,47
9402,42
9403,20
9404,29
9405,35
9406,38
9407,11
9408,34
9409,45
9410,7
9411,56
9412,69
9413,60
9414,37
9415,82
9416,8
9417,16
9418,13
9419,12
9420,84
9421,15
9422,9
9423,65
9424,16
9425,94
9426,4
9427,7
9428,6
9429,5
9430,34
9431,86
9432,2
9433,41
9434,69
9435,129
9436,38
9437,9
9438,69
9439,16
9440,11
9441,13
9442,14
9443,28
9444,3
9445,12
9446,11
9447,18
9448,3
9449,2
9450,248
9451,29
9452,25
9453,11
9454,24
9455,13
9456,19
9457,152
9458,34
9459,72
9460,6
9461,13
9462,108
9463,11
9464,5
9465,29
9466,90
9467,51
9468,48
9469,89
9470,7
9471,5
9472,3
9473,8
9474,71
9475,14
9476,99
9477,17
9478,44
9479,133
9480,50
9481,105
9482,29
9483,33
9484,198
9485,26
9486,58
9487,5
9488,26
9489,27
9490,68
9491,50
9492,74
9493,54
9494,3
9495,128
9496,5
9497,56
9498,30
9499,13
9500,70
9501,57
9502,24
9503,16
9504,94
9505,4
9506,1
9507,73
9508,11
9509,6
9510,18
9511,6
9512,2
9513,73
9514,3
9515,19
9516,16
9517,21
9518,15
9519,10
9520,14
9521,101
9522,36
9523,16
9524,7
9525,14
9526,42
9527,1
9528,8
9529,23
9530,18
9531,2
9532,9
9533,18
9534,3
9535,29
9536,26
9537,237
9538,15
9539,42
9540,13
9541,6
9542,23
9543,23
9544,60
9545,1
9546,43
9547,104
9548,10
9549,73
9550,8
9551,5
9552,26
9553,5
9554,22
9555,44
9556,2
9557,30
9558,20
9559,30
9560,8
9561,10
9562,91
9563,68
9564,32
9565,24
9566,10
9567,8
9568,8
9569,44
9570,23
9571,13
9572,18
9573,14
9574,3
9575,14
9576,65
9577,61
9578,19
9579,36
9580,22
9581,7
9582,86
9583,29
9584,15
9585,15
9586,20
9587,25
9588,23
9589,9
9590,59
9591,7
9592,48
9593,12
9594,21
9595,62
9596,31
9597,42
9598,6
9599,41
9600,19
9601,121
9602,4
9603,20
9604,18
9605,1
9606,43
9607,19
9608,97
9609,11
9610,13
9611,53
9612,79
9613,22
9614,35
9615,24
9616,35
9617,10
9618,22
9619,43
9620,37
9621,4
9622,9
9623,8
9624,18
9625,5
9626,74
9627,4
9628,33
9629,20
9630,30
9631,7
9632,32
9633,13
9634,29
9635,70
9636,17
9637,5
9638,77
9639,75
9640,8
9641,6
9642,72
9643,24
9644,4
9645,41
9646,31
9647,34
9648,20
9649,118
9650,19
9651,14
9652,95
9653,13
9654,30
9655,25
9656,7
9657,22
9658,21
9659,4
9660,33
9661,123
9662,75
9663,11
9664,11
9665,21
9666,135
9667,14
9668,36
9669,3
9670,5
9671,6
9672,115
9673,24
9674,92
9675,17
9676,43
9677,64
9678,26
9679,10
9680,10
9681,1
9682,43
9683,6
9684,33
9685,52
9686,27
9687,6
9688,15
9689,17
9690,2
9691,81
9692,51
9693,22
9694,30
9695,16
9696,23
9697,129
9698,16
9699,6
9700,8
9701,32
9702,28
9703,26
9704,157
9705,27
9706,6
9707,24
9708,2
9709,13
9710,75
9711,20
9712,3
9713,59
9714,12
9715,59
9716,22
9717,17
9718,16
9719,13
9720,11
9721,2
9722,88
9723,16
9724,27
9725,51
9726,97
9727,44
9728,11
9729,14
9730,1
9731,46
9732,40
9733,43
9734,17
9735,7
9736,7
9737,100
9738,19
9739,4
9740,24
9741,8
9742,37
9743,4
9744,19
9745,20
9746,26
9747,8
9748,8
9749,57
9750,17
9751,22
9752,26
9753,5
9754,54
9755,27
9756,21
9757,13
9758,31
9759,10
9760,47
9761,7
9762,165
9763,43
9764,71
9765,26
9766,9
9767,5
9768,3
9769,66
9770,43
9771,7
9772,6
9773,7
9774,51
9775,6
9776,27
9777,125
9778,31
9779,42
9780,7
9781,9
9782,27
9783,1
9784,8
9785,30
9786,9
9787,15
9788,3
9789,5
9790,16
9791,26
9792,31
9793,56
9794,31
9795,16
9796,38
9797,20
9798,7
9799,12
9800,26
9801,31
9802,6
9803,54
9804,11
9805,22
9806,8
9807,7
9808,5
9809,1
9810,8
9811,3
9812,4
9813,30
9814,35
9815,23
9816,27
9817,26
9818,69
9819,62
9820,50
9821,12
9822,8
9823,46
9824,22
9825,22
9826,33
9827,3
9828,56
9829,11
9830,85
9831,1
9832,6
9833,6
9834,56
9835,24
9836,15
9837,29
9838,8
9839,12
9840,1
9841,21
9842,22
9843,61
9844,4
9845,96
9846,28
9847,104
9848,41
9849,50
9850,12
9851,37
9852,5
9853,9
9854,6
9855,38
9856,42
9857,96
9858,49
9859,38
9860,113
9861,38
9862,116
9863,62
9864,17
9865,11
9866,68
9867,1
9868,40
9869,31
9870,18
9871,25
9872,15
9873,30
9874,35
9875,93
9876,20
9877,11
9878,2
9879,86
9880,11
9881,16
9882,61
9883,43
9884,113
9885,16
9886,11
9887,72
9888,36
9889,91
9890,24
9891,22
9892,17
9893,3
9894,46
9895,97
9896,1
9897,52
9898,19
9899,13
9900,2
9901,59
9902,95
9903,49
9904,146
9905,69
9906,9
9907,19
9908,2
9909,96
9910,39
9911,42
9912,4
9913,29
9914,40
9915,7
9916,32
9917,9
9918,84
9919,50
9920,18
9921,58
9922,55
9923,27
9924,36
9925,74
9926,27
9927,53
9928,19
9929,7
9930,39
9931,57
9932,14
9933,9
9934,35
9935,86
9936,315
9937,6
9938,110
9939,4
9940,37
9941,33
9942,122
9943,20
9944,14
9945,9
9946,96
9947,19
9948,14
9949,2
9950,25
9951,79
9952,33
9953,234
9954,5
9955,105
9956,26
9957,8
9958,1
9959,59
9960,113
9961,2
9962,33
9963,13
9964,99
9965,19
9966,120
9967,108
9968,55
9969,107
9970,17
9971,40
9972,88
9973,12
9974,50
9975,50
9976,32
9977,84
9978,54
9979,4
9980,80
9981,86
9982,7
9983,44
9984,40
9985,122
9986,6
9987,5
9988,30
9989,49
9990,31
9991,44
9992,59
9993,22
9994,8
9995,42
9996,86
9997,29
9998,38
9999,27
10000,12
10001,12
10002,26
10003,9
10004,74
10005,7
10006,13
10007,7
10008,34
10009,13
10010,34
10011,38
10012,43
10013,16
10014,30
10015,8
10016,24
10017,35
10018,77
10019,2
10020,20
10021,18
10022,166
10023,43
10024,20
10025,16
10026,76
10027,81
10028,6
10029,126
10030,26
10031,6
10032,31
10033,26
10034,41
10035,37
10036,29
10037,69
10038,73
10039,31
10040,2
10041,6
10042,1
10043,28
10044,46
10045,16
10046,28
10047,109
10048,63
10049,27
10050,5
10051,74
10052,11
10053,61
10054,35
10055,9
10056,2
10057,48
10058,140
10059,32
10060,60
10061,14
10062,21
10063,13
10064,36
10065,6
10066,6
10067,42
10068,22
10069,48
10070,38
10071,31
10072,15
10073,66
10074,10
10075,3
10076,25
10077,2
10078,59
10079,4
10080,43
10081,12
10082,25
10083,5
10084,12
10085,7
10086,5
10087,41
10088,11
10089,17
10090,18
10091,21
10092,31
10093,27
10094,23
10095,40
10096,6
10097,38
10098,15
10099,27
10100,17
10101,85
10102,18
10103,35
10104,29
10105,14
10106,27
10107,113
10108,67
10109,3
10110,25
10111,4
10112,65
10113,10
10114,49
10115,40
10116,53
10117,9
10118,1
10119,36
10120,33
10121,8
10122,25
10123,46
10124,39
10125,33
10126,13
10127,2
10128,50
10129,7
10130,64
10131,38
10132,79
10133,65
10134,58
10135,46
10136,187
10137,49
10138,62
10139,19
10140,42
10141,8
10142,52
10143,19
10144,9
10145,1
10146,35
10147,34
10148,2
10149,96
10150,66
10151,8
10152,21
10153,49
10154,26
10155,83
10156,12
10157,22
10158,42
10159,78
10160,35
10161,4
10162,35
10163,60
10164,4
10165,22
10166,3
10167,16
10168,1
10169,29
10170,4
10171,27
10172,49
10173,63
10174,93
10175,19
10176,52
10177,5
10178,8
10179,88
10180,59
10181,4
10182,3
10183,3
10184,2
10185,67
10186,51
10187,102
10188,82
10189,1
10190,1
10191,43
10192,9
10193,26
10194,13
10195,89
10196,3
10197,1
10198,13
10199,28
10200,110
10201,21
10202,4
10203,2
10204,78
10205,9
10206,53
10207,3
10208,23
10209,25
10210,19
10211,56
10212,5
10213,18
10214,22
10215,61
10216,3
10217,17
10218,9
10219,63
10220,13
10221,48
10222,17
10223,19
10224,30
10225,44
10226,11
10227,6
10228,19
10229,5
10230,62
10231,1
10232,7
10233,2
10234,10
10235,21
10236,1
10237,42
10238,33
10239,3
10240,7
10241,24
10242,77
10243,90
10244,27
10245,36
10246,17
10247,23
10248,57
10249,15
10250,2
10251,15
10252,4
10253,58
10254,47
10255,28
10256,144
10257,39
10258,11
10259,18
10260,19
10261,4
10262,63
10263,16
10264,103
10265,6
10266,79
10267,54
10268,3
10269,52
10270,16
10271,18
10272,52
10273,21
10274,43
10275,37
10276,21
10277,58
10278,32
10279,97
10280,45
10281,6
10282,1
10283,11
10284,17
10285,4
10286,28
10287,53
10288,2
10289,62
10290,3
10291,112
10292,8
10293,24
10294,78
10295,8
10296,66
10297,99
10298,19
10299,42
10300,6
10301,48
10302,7
10303,25
10304,46
10305,18
10306,19
10307,77
10308,34
10309,19
10310,47
10311,15
10312,12
10313,5
10314,29
10315,9
10316,6
10317,13
10318,3
10319,8
10320,2
10321,65
10322,145
10323,55
10324,49
10325,25
10326,2
10327,15
10328,19
10329,54
10330,10
10331,4
10332,13
10333,180
10334,12
10335,148
10336,106
10337,33
10338,81
10339,25
10340,58
10341,24
10342,150
10343,11
10344,40
10345,40
10346,118
10347,10
10348,19
10349,12
10350,37
10351,39
10352,7
10353,42
10354,16
10355,62
10356,97
10357,11
10358,67
10359,30
10360,24
10361,22
10362,76
10363,2
10364,17
10365,43
10366,93
10367,23
10368,14
10369,49
10370,19
10371,4
10372,71
10373,36
10374,11
10375,23
10376,55
10377,14
10378,33
10379,7
10380,175
10381,9
10382,46
10383,57
10384,18
10385,22
10386,36
10387,247
10388,71
10389,12
10390,21
10391,29
10392,135
10393,2
10394,47
10395,29
10396,29
10397,39
10398,3
10399,36
10400,71
10401,86
10402,17
10403,71
10404,2
10405,32
10406,25
10407,34
10408,7
10409,14
10410,1
10411,14
10412,6
10413,72
10414,28
10415,10
10416,20
10417,4
10418,5
10419,11
10420,19
10421,49
10422,45
10423,89
10424,25
10425,9
10426,2
10427,32
10428,2
10429,20
10430,12
10431,51
10432,100
10433,63
10434,36
10435,71
10436,8
10437,21
10438,60
10439,36
10440,77
10441,2
10442,99
10443,42
10444,130
10445,7
10446,60
10447,84
10448,10
10449,82
10450,42
10451,13
10452,18
10453,32
10454,51
10455,7
10456,5
10457,30
10458,57
10459,29
10460,15
10461,31
10462,78
10463,10
10464,16
10465,23
10466,16
10467,21
10468,31
10469,5
10470,35
10471,6
10472,112
10473,4
10474,16
10475,1
10476,12
10477,56
10478,74
10479,17
10480,4
10481,21
10482,84
10483,76
10484,1
10485,63
10486,10
10487,48
10488,9
10489,43
10490,29
10491,36
10492,37
10493,25
10494,108
10495,62
10496,52
10497,32
10498,16
10499,14
10500,1
10501,24
10502,1
10503,14
10504,38
10505,20
10506,51
10507,52
10508,33
10509,32
10510,6
10511,14
10512,28
10513,15
10514,7
10515,1
10516,3
10517,1
10518,2
10519,22
10520,26
10521,9
10522,63
10523,135
10524,75
10525,2
10526,10
10527,28
10528,66
10529,48
10530,7
10531,37
10532,77
10533,104
10534,5
10535,25
10536,2
10537,19
10538,109
10539,86
10540,98
10541,62
10542,68
10543,74
10544,12
10545,116
10546,50
10547,28
10548,14
10549,12
10550,65
10551,40
10552,14
10553,70
10554,16
10555,6
10556,40
10557,61
10558,132
10559,55
10560,11
10561,5
10562,17
10563,2
10564,14
10565,61
10566,88
10567,185
10568,13
10569,57
10570,22
10571,33
10572,33
10573,161
10574,29
10575,65
10576,11
10577,2
10578,27
10579,3
10580,40
10581,8
10582,30
10583,16
10584,15
10585,25
10586,26
10587,35
10588,14
10589,2
10590,33
10591,69
10592,4
10593,1
10594,20
10595,46
10596,86
10597,31
10598,8
10599,100
10600,8
10601,76
10602,26
10603,28
10604,19
10605,20
10606,77
10607,38
10608,13
10609,9
10610,1
10611,25
10612,67
10613,4
10614,26
10615,22
10616,12
10617,53
10618,16
10619,14
10620,94
10621,32
10622,46
10623,138
10624,10
10625,12
10626,20
10627,118
10628,18
10629,15
10630,7
10631,1
10632,52
10633,79
10634,118
10635,36
10636,10
10637,77
10638,67
10639,38
10640,20
10641,6
10642,12
10643,4
10644,14
10645,10
10646,10
10647,4
10648,35
10649,18
10650,30
10651,42
10652,85
10653,52
10654,24
10655,35
10656,56
10657,3
10658,103
10659,18
10660,26
10661,77
10662,32
10663,21
10664,84
10665,111
10666,35
10667,26
10668,28
10669,34
10670,33
10671,23
10672,51
10673,13
10674,137
10675,10
10676,5
10677,45
10678,23
10679,2
10680,1
10681,35
10682,36
10683,8
10684,20
10685,86
10686,16
10687,3
10688,5
10689,43
10690,14
10691,86
10692,71
10693,10
10694,41
10695,72
10696,12
10697,9
10698,53
10699,16
10700,70
10701,72
10702,21
10703,71
10704,1
10705,68
10706,55
10707,35
10708,5
10709,24
10710,3
10711,37
10712,90
10713,27
10714,13
10715,1
10716,18
10717,10
10718,7
10719,153
10720,76
10721,16
10722,41
10723,33
10724,13
10725,9
10726,38
10727,5
10728,104
10729,21
10730,51
10731,40
10732,40
10733,18
10734,88
10735,30
10736,43
10737,65
10738,3
10739,22
10740,31
10741,38
10742,4
10743,16
10744,8
10745,76
10746,32
10747,25
10748,9
10749,30
10750,15
10751,28
10752,62
10753,41
10754,79
10755,8
10756,15
10757,11
10758,161
10759,68
10760,3
10761,5
10762,73
10763,137
10764,46
10765,11
10766,52
10767,17
10768,35
10769,27
10770,18
10771,142
10772,21
10773,19
10774,9
10775,14
10776,5
10777,14
10778,3
10779,20
10780,69
10781,14
10782,16
10783,104
10784,119
10785,41
10786,124
10787,66
10788,26
10789,65
10790,49
10791,7
10792,95
10793,82
10794,43
10795,47
10796,17
10797,82
10798,23
10799,37
10800,42
10801,78
10802,39
10803,10
10804,31
10805,21
10806,4
10807,127
10808,31
10809,89
10810,59
10811,3
10812,1
10813,7
10814,6
10815,7
10816,54
10817,61
10818,19
10819,49
10820,54
10821,68
10822,22
10823,82
10824,127
10825,8
10826,4
10827,50
10828,29
10829,32
10830,5
10831,69
10832,56
10833,5
10834,26
10835,130
10836,65
10837,117
10838,27
10839,1
10840,1
10841,5
10842,116
10843,32
10844,71
10845,81
10846,77
10847,19
10848,167
10849,51
10850,18
10851,14
10852,16
10853,16
10854,158
10855,40
10856,44
10857,1
10858,18
10859,35
10860,7
10861,10
10862,9
10863,6
10864,84
10865,3
10866,4
10867,44
10868,94
10869,6
10870,48
10871,42
10872,9
10873,18
10874,86
10875,2
10876,14
10877,51
10878,93
10879,64
10880,49
10881,78
10882,31
10883,15
10884,31
10885,62
10886,32
10887,49
10888,30
10889,10
10890,77
10891,44
10892,8
10893,6
10894,17
10895,38
10896,28
10897,2
10898,52
10899,16
10900,18
10901,1
10902,48
10903,81
10904,10
10905,2
10906,37
10907,28
10908,14
10909,2
10910,5
10911,17
10912,76
10913,54
10914,7
10915,79
10916,63
10917,16
10918,9
10919,13
10920,41
10921,31
10922,22
10923,50
10924,54
10925,83
10926,36
10927,16
10928,37
10929,57
10930,76
10931,15
10932,35
10933,42
10934,37
10935,22
10936,98
10937,30
10938,51
10939,73
10940,1
10941,17
10942,70
10943,32
10944,8
10945,10
10946,32
10947,29
10948,29
10949,8
10950,33
10951,51
10952,44
10953,109
10954,4
10955,49
10956,33
10957,35
10958,34
10959,25
10960,56
10961,35
10962,35
10963,88
10964,7
10965,3
10966,59
10967,7
10968,10
10969,46
10970,28
10971,8
10972,17
10973,60
10974,39
10975,54
10976,7
10977,52
