,duration,has_event
0,45,1
1,16,1
2,43,1
3,38,1
4,32,1
5,41,1
6,43,1
7,7,1
8,40,1
9,28,1
10,38,1
11,34,1
12,2,1
13,51,1
14,17,1
15,3,1
16,37,1
17,33,1
18,41,1
19,12,1
20,44,1
21,24,1
22,46,1
23,34,1
24,22,1
25,51,1
26,15,1
27,12,1
28,35,1
29,35,1
30,51,1
31,37,1
32,46,1
33,3,1
34,31,1
35,37,1
36,26,1
37,11,1
38,38,1
39,23,1
40,38,1
41,18,1
42,3,1
43,33,1
44,20,1
45,36,1
46,48,1
47,31,1
48,29,1
49,3,1
50,7,1
51,35,1
52,30,1
53,39,1
54,42,1
55,9,1
56,41,1
57,8,1
58,47,1
59,21,1
60,35,1
61,49,1
62,41,1
63,41,1
64,36,1
65,1,1
66,44,1
67,23,1
68,6,1
69,45,1
70,43,1
71,17,1
72,17,1
73,30,1
74,39,1
75,21,1
76,23,1
77,44,1
78,41,1
79,35,1
80,7,1
81,19,1
82,32,1
83,33,1
84,12,1
85,24,1
86,13,1
87,41,1
88,11,1
89,25,1
90,25,1
91,8,1
92,17,1
93,48,1
94,14,1
95,19,1
96,30,1
97,30,1
98,11,1
99,4,1
100,5,1
101,19,1
102,16,1
103,28,1
104,24,1
105,46,1
106,20,1
107,21,1
108,41,1
109,36,1
110,17,1
111,33,1
112,41,1
113,13,1
114,20,1
115,26,1
116,49,1
117,8,1
118,19,1
119,42,1
120,20,1
121,41,1
122,20,1
123,15,1
124,30,1
125,47,1
126,23,1
127,15,1
128,19,1
129,28,1
130,35,1
131,50,1
132,33,1
133,17,1
134,41,1
135,24,1
136,18,1
137,47,1
138,44,1
139,51,1
140,6,1
141,46,1
142,22,1
143,36,1
144,31,1
145,19,1
146,33,1
147,0,1
148,21,1
149,23,1
150,23,1
151,48,1
152,13,1
153,7,1
154,41,1
155,10,1
156,8,1
157,38,1
158,8,1
159,6,1
160,22,1
161,35,1
162,24,1
163,7,1
164,40,1
165,50,1
166,19,1
167,42,1
168,29,1
169,38,1
170,5,1
171,18,1
172,36,1
173,19,1
174,10,1
175,11,1
176,18,1
177,7,1
178,4,1
179,10,1
180,15,1
181,43,1
182,4,1
183,21,1
184,34,1
185,6,1
186,24,1
187,29,1
188,9,1
189,13,1
190,32,1
191,34,1
192,22,1
193,34,1
194,37,1
195,27,1
196,28,1
197,14,1
198,14,1
199,41,1
200,29,1
201,29,1
202,29,1
203,12,1
204,17,1
205,20,1
206,1,1
207,47,1
208,32,1
209,11,1
210,31,1
211,14,1
212,15,1
213,32,1
214,26,1
215,15,1
216,14,1
217,2,1
218,33,1
219,42,1
220,13,1
221,35,1
222,6,1
223,29,1
224,37,1
225,10,1
226,27,1
227,19,1
228,20,1
229,31,1
230,45,1
231,37,1
232,1,1
233,47,1
234,18,1
235,7,1
236,1,1
237,48,1
238,38,1
239,20,1
240,9,1
241,29,1
242,39,1
243,50,1
244,6,1
245,15,1
246,1,1
247,30,1
248,37,1
249,49,1
250,22,1
251,45,1
252,50,1
253,41,1
254,24,1
255,31,1
256,35,1
257,37,1
258,3,1
259,11,1
260,7,1
261,45,1
262,22,1
263,21,1
264,4,1
265,44,1
266,8,1
267,51,1
268,6,1
269,5,1
270,10,1
271,39,1
272,50,1
273,40,1
274,18,1
275,27,1
276,9,1
277,39,1
278,24,1
279,45,1
280,39,1
281,40,1
282,36,1
283,24,1
284,50,1
285,20,1
286,19,1
287,9,1
288,51,1
289,46,1
290,17,1
291,2,1
292,0,1
293,38,1
294,48,1
295,8,1
296,41,1
297,28,1
298,12,1
299,28,1
300,2,1
301,13,1
302,10,1
303,22,1
304,42,1
305,27,1
306,16,1
307,4,1
308,23,1
309,11,1
310,49,1
311,39,1
312,30,1
313,1,1
314,15,1
315,26,1
316,18,1
317,18,1
318,42,1
319,31,1
320,13,1
321,48,1
322,5,1
323,8,1
324,40,1
325,22,1
326,33,1
327,3,1
328,41,1
329,30,1
330,50,1
331,43,1
332,18,1
333,40,1
334,4,1
335,10,1
336,6,1
337,15,1
338,11,1
339,41,1
340,21,1
341,44,1
342,51,1
343,29,1
344,10,1
345,11,1
346,2,1
347,1,1
348,28,1
349,43,1
350,20,1
351,45,1
352,38,1
353,19,1
354,9,1
355,30,1
356,51,1
357,14,1
358,10,1
359,27,1
360,43,1
361,19,1
362,10,1
363,40,1
364,18,1
365,25,1
366,14,1
367,27,1
368,12,1
369,5,1
370,1,1
371,24,1
372,42,1
373,26,1
374,34,1
375,29,1
376,34,1
377,11,1
378,38,1
379,3,1
380,9,1
381,22,1
382,26,1
383,20,1
384,33,1
385,43,1
386,17,1
387,16,1
388,28,1
389,15,1
390,43,1
391,24,1
392,33,1
393,29,1
394,14,1
395,30,1
396,17,1
397,8,1
398,44,1
399,13,1
400,51,1
401,42,1
402,11,1
403,37,1
404,0,1
405,28,1
406,51,1
407,25,1
408,11,1
409,15,1
410,8,1
411,50,1
412,20,1
413,11,1
414,48,1
415,10,1
416,49,1
417,32,1
418,49,1
419,46,1
420,7,1
421,18,1
422,4,1
423,12,1
424,19,1
425,43,1
426,29,1
427,28,1
428,11,1
429,28,1
430,43,1
431,16,1
432,46,1
433,10,1
434,46,1
435,43,1
436,43,1
437,32,1
438,3,1
439,50,1
440,11,1
441,46,1
442,22,1
443,6,1
444,26,1
445,24,1
446,13,1
447,22,1
448,16,1
449,39,1
450,23,1
451,36,1
452,49,1
453,5,1
454,40,1
455,20,1
456,33,1
457,23,1
458,15,1
459,34,1
460,41,1
461,32,1
462,16,1
463,34,1
464,8,1
465,41,1
466,45,1
467,20,1
468,17,1
469,15,1
470,34,1
471,1,1
472,38,1
473,0,1
474,25,1
475,29,1
476,9,1
477,17,1
478,12,1
479,51,1
480,29,1
481,34,1
482,30,1
483,25,1
484,4,1
485,23,1
486,51,1
487,16,1
488,34,1
489,16,1
490,46,1
491,0,1
492,50,1
493,40,1
494,12,1
495,44,1
496,45,1
497,10,1
498,17,1
499,13,1
500,10,1
501,20,1
502,33,1
503,44,1
504,11,1
505,19,1
506,17,1
507,7,1
508,37,1
509,49,1
510,15,1
511,14,1
512,44,1
513,4,1
514,46,1
515,33,1
516,17,1
517,21,1
518,30,1
519,16,1
520,24,1
521,16,1
522,36,1
523,22,1
524,44,1
525,12,1
526,2,1
527,45,1
528,35,1
529,30,1
530,47,1
531,26,1
532,20,1
533,10,1
534,35,1
535,9,1
536,4,1
537,46,1
538,50,1
539,20,1
540,2,1
541,45,1
542,15,1
543,25,1
544,38,1
545,44,1
546,5,1
547,14,1
548,23,1
549,7,1
550,3,1
551,39,1
552,6,1
553,45,1
554,27,1
555,30,1
556,37,1
557,42,1
558,43,1
559,50,1
560,28,1
561,31,1
562,2,1
563,47,1
564,36,1
565,12,1
566,40,1
567,42,1
568,31,1
569,35,1
570,16,1
571,3,1
572,34,1
573,11,1
574,17,1
575,29,1
576,20,1
577,12,1
578,6,1
579,27,1
580,12,1
581,35,1
582,32,1
583,19,1
584,28,1
585,23,1
586,38,1
587,4,1
588,36,1
589,50,1
590,4,1
591,46,1
592,10,1
593,44,1
594,4,1
595,16,1
596,26,1
597,43,1
598,40,1
599,8,1
600,47,1
601,49,1
602,50,1
603,28,1
604,33,1
605,50,1
606,40,1
607,21,1
608,41,1
609,5,1
610,34,1
611,46,1
612,23,1
613,26,1
614,49,1
615,7,1
616,15,1
617,20,1
618,14,1
619,11,1
620,47,1
621,37,1
622,25,1
623,28,1
624,43,1
625,0,1
626,50,1
627,7,1
628,39,1
629,14,1
630,31,1
631,36,1
632,40,1
633,32,1
634,26,1
635,23,1
636,2,1
637,20,1
638,6,1
639,50,1
640,44,1
641,0,1
642,46,1
643,15,1
644,35,1
645,43,1
646,47,1
647,10,1
648,17,1
649,32,1
650,46,1
651,34,1
652,34,1
653,36,1
654,38,1
655,43,1
656,7,1
657,22,1
658,12,1
659,43,1
660,16,1
661,50,1
662,25,1
663,29,1
664,43,1
665,4,1
666,30,1
667,26,1
668,6,1
669,45,1
670,5,1
671,3,1
672,20,1
673,20,1
674,48,1
675,24,1
676,39,1
677,32,1
678,16,1
679,34,1
680,20,1
681,25,1
682,30,1
683,32,1
684,49,1
685,29,1
686,9,1
687,49,1
688,44,1
689,42,1
690,50,1
691,47,1
692,37,1
693,51,1
694,29,1
695,22,1
696,25,1
697,23,1
698,33,1
699,46,1
700,30,1
701,42,1
702,1,1
703,1,1
704,17,1
705,36,1
706,27,1
707,4,1
708,20,1
709,9,1
710,9,1
711,40,1
712,33,1
713,8,1
714,6,1
715,48,1
716,17,1
717,12,1
718,15,1
719,28,1
720,43,1
721,50,1
722,47,1
723,13,1
724,33,1
725,1,1
726,21,1
727,17,1
728,2,1
729,46,1
730,9,1
731,29,1
732,13,1
733,6,1
734,34,1
735,7,1
736,3,1
737,21,1
738,51,1
739,15,1
740,41,1
741,29,1
742,24,1
743,47,1
744,49,1
745,40,1
746,22,1
747,51,1
748,20,1
749,5,1
750,22,1
751,48,1
752,6,1
753,5,1
754,8,1
755,34,1
756,40,1
757,26,1
758,24,1
759,51,1
760,20,1
761,18,1
762,14,1
763,20,1
764,41,1
765,10,1
766,27,1
767,7,1
768,19,1
769,39,1
770,26,1
771,12,1
772,4,1
773,30,1
774,13,1
775,1,1
776,40,1
777,9,1
778,5,1
779,29,1
780,27,1
781,6,1
782,29,1
783,14,1
784,36,1
785,9,1
786,51,1
787,40,1
788,28,1
789,46,1
790,38,1
791,39,1
792,16,1
793,5,1
794,6,1
795,12,1
796,33,1
797,39,1
798,37,1
799,14,1
800,43,1
801,0,1
802,45,1
803,16,1
804,24,1
805,42,1
806,43,1
807,16,1
808,22,1
809,33,1
810,24,1
811,37,1
812,38,1
813,18,1
814,24,1
815,20,1
816,34,1
817,41,1
818,1,1
819,4,1
820,42,1
821,42,1
822,45,1
823,44,1
824,30,1
825,49,1
826,18,1
827,29,1
828,46,1
829,0,1
830,5,1
831,23,1
832,49,1
833,28,1
834,30,1
835,7,1
836,8,1
837,32,1
838,6,1
839,44,1
840,11,1
841,21,1
842,35,1
843,44,1
844,19,1
845,36,1
846,0,1
847,24,1
848,50,1
849,0,1
850,24,1
851,32,1
852,13,1
853,28,1
854,29,1
855,8,1
856,42,1
857,24,1
858,35,1
859,7,1
860,16,1
861,38,1
862,44,1
863,0,1
864,49,1
865,10,1
866,22,1
867,27,1
868,40,1
869,18,1
870,3,1
871,12,1
872,31,1
873,28,1
874,4,1
875,23,1
876,23,1
877,6,1
878,20,1
879,27,1
880,1,1
881,37,1
882,34,1
883,36,1
884,3,1
885,37,1
886,18,1
887,35,1
888,14,1
889,12,1
890,15,1
891,35,1
892,49,1
893,25,1
894,33,1
895,46,1
896,1,1
897,44,1
898,5,1
899,30,1
900,3,1
901,31,1
902,34,1
903,30,1
904,31,1
905,47,1
906,21,1
907,30,1
908,13,1
909,40,1
910,35,1
911,32,1
912,18,1
913,21,1
914,23,1
915,21,1
916,7,1
917,49,1
918,42,1
919,49,1
920,6,1
921,18,1
922,47,1
923,9,1
924,32,1
925,27,1
926,12,1
927,16,1
928,34,1
929,4,1
930,7,1
931,7,1
932,17,1
933,9,1
934,41,1
935,41,1
936,16,1
937,31,1
938,37,1
939,15,1
940,25,1
941,37,1
942,22,1
943,2,1
944,5,1
945,44,1
946,26,1
947,25,1
948,40,1
949,44,1
950,36,1
951,28,1
952,9,1
953,13,1
954,10,1
955,21,1
956,44,1
957,15,1
958,1,1
959,2,1
960,5,1
961,26,1
962,32,1
963,48,1
964,8,1
965,45,1
966,1,1
967,5,1
968,49,1
969,39,1
970,13,1
971,30,1
972,28,1
973,49,1
974,7,1
975,48,1
976,5,1
977,4,1
978,25,1
979,41,1
980,35,1
981,2,1
982,41,1
983,22,1
984,1,1
985,45,1
986,38,1
987,22,1
988,49,1
989,7,1
990,24,1
991,41,1
992,39,1
993,26,1
994,47,1
995,20,1
996,45,1
997,6,1
998,32,1
999,5,1
1000,7,1
1001,23,1
1002,21,1
1003,28,1
1004,48,1
1005,9,1
1006,37,1
1007,25,1
1008,20,1
1009,15,1
1010,4,1
1011,8,1
1012,21,1
1013,24,1
1014,20,1
1015,24,1
1016,28,1
1017,4,1
1018,6,1
1019,26,1
1020,30,1
1021,51,1
1022,35,1
1023,49,1
1024,34,1
1025,23,1
1026,37,1
1027,3,1
1028,32,1
1029,0,1
1030,44,1
1031,10,1
1032,28,1
1033,0,1
1034,23,1
1035,45,1
1036,39,1
1037,40,1
1038,16,1
1039,13,1
1040,29,1
1041,12,1
1042,1,1
1043,45,1
1044,12,1
1045,41,1
1046,37,1
1047,8,1
1048,46,1
1049,28,1
1050,50,1
1051,44,1
1052,32,1
1053,12,1
1054,19,1
1055,15,1
1056,51,1
1057,45,1
1058,10,1
1059,26,1
1060,30,1
1061,42,1
1062,26,1
1063,11,1
1064,47,1
1065,33,1
1066,25,1
1067,34,1
1068,30,1
1069,33,1
1070,24,1
1071,45,1
1072,16,1
1073,27,1
1074,38,1
1075,15,1
1076,30,1
1077,38,1
1078,29,1
1079,13,1
1080,16,1
1081,14,1
1082,35,1
1083,11,1
1084,6,1
1085,32,1
1086,46,1
1087,34,1
1088,13,1
1089,51,1
1090,7,1
1091,14,1
1092,6,1
1093,20,1
1094,38,1
1095,10,1
1096,35,1
1097,32,1
1098,49,1
1099,18,1
1100,28,1
1101,38,1
1102,27,1
1103,45,1
1104,18,1
1105,26,1
1106,36,1
1107,48,1
1108,43,1
1109,24,1
1110,7,1
1111,27,1
1112,7,1
1113,4,1
1114,33,1
1115,51,1
1116,42,1
1117,9,1
1118,43,1
1119,22,1
1120,28,1
1121,4,1
1122,45,1
1123,32,1
1124,48,1
1125,41,1
1126,22,1
1127,44,1
1128,17,1
1129,38,1
1130,4,1
1131,29,1
1132,27,1
1133,36,1
1134,22,1
1135,35,1
1136,32,1
1137,7,1
1138,0,1
1139,40,1
1140,11,1
1141,27,1
1142,30,1
1143,27,1
1144,50,1
1145,10,1
1146,28,1
1147,44,1
1148,45,1
1149,50,1
1150,15,1
1151,1,1
1152,17,1
1153,15,1
1154,1,1
1155,29,1
1156,13,1
1157,14,1
1158,4,1
1159,30,1
1160,32,1
1161,11,1
1162,2,1
1163,21,1
1164,47,1
1165,51,1
1166,33,1
1167,12,1
1168,10,1
1169,18,1
1170,19,1
1171,7,1
1172,11,1
1173,21,1
1174,0,1
1175,50,1
1176,16,1
1177,46,1
1178,36,1
1179,19,1
1180,44,1
1181,10,1
1182,36,1
1183,20,1
1184,40,1
1185,18,1
1186,34,1
1187,44,1
1188,29,1
1189,21,1
1190,46,1
1191,15,1
1192,35,1
1193,19,1
1194,29,1
1195,9,1
1196,8,1
1197,9,1
1198,50,1
1199,38,1
1200,11,1
1201,11,1
1202,38,1
1203,34,1
1204,28,1
1205,25,1
1206,17,1
1207,32,1
1208,21,1
1209,32,1
1210,20,1
1211,29,1
1212,8,1
1213,28,1
1214,3,1
1215,24,1
1216,7,1
1217,42,1
1218,47,1
1219,50,1
1220,0,1
1221,1,1
1222,29,1
1223,35,1
1224,33,1
1225,41,1
1226,30,1
1227,4,1
1228,18,1
1229,43,1
1230,5,1
1231,29,1
1232,35,1
1233,26,1
1234,40,1
1235,28,1
1236,33,1
1237,15,1
1238,31,1
1239,24,1
1240,28,1
1241,14,1
1242,43,1
1243,12,1
1244,31,1
1245,13,1
1246,16,1
1247,11,1
1248,21,1
1249,23,1
1250,31,1
1251,30,1
1252,24,1
1253,45,1
1254,9,1
1255,32,1
1256,9,1
1257,38,1
1258,47,1
1259,50,1
1260,21,1
1261,48,1
1262,27,1
1263,39,1
1264,0,1
1265,51,1
1266,6,1
1267,10,1
1268,4,1
1269,33,1
1270,42,1
1271,44,1
1272,7,1
1273,45,1
1274,34,1
1275,3,1
1276,25,1
1277,32,1
1278,28,1
1279,5,1
1280,18,1
1281,50,1
1282,51,1
1283,7,1
1284,18,1
1285,49,1
1286,23,1
1287,44,1
1288,35,1
1289,23,1
1290,12,1
1291,22,1
1292,4,1
1293,24,1
1294,29,1
1295,50,1
1296,47,1
1297,27,1
1298,19,1
1299,6,1
1300,5,1
1301,51,1
1302,40,1
1303,24,1
1304,33,1
1305,32,1
1306,28,1
1307,2,1
1308,48,1
1309,43,1
1310,45,1
1311,21,1
1312,3,1
1313,32,1
1314,22,1
1315,46,1
1316,7,1
1317,48,1
1318,3,1
1319,2,1
1320,9,1
1321,34,1
1322,10,1
1323,37,1
1324,14,1
1325,29,1
1326,3,1
1327,23,1
1328,4,1
1329,34,1
1330,15,1
1331,49,1
1332,10,1
1333,2,1
1334,3,1
1335,32,1
1336,44,1
1337,35,1
1338,9,1
1339,15,1
1340,30,1
1341,17,1
1342,48,1
1343,17,1
1344,35,1
1345,27,1
1346,33,1
1347,40,1
1348,38,1
1349,13,1
1350,23,1
1351,49,1
1352,47,1
1353,35,1
1354,40,1
1355,37,1
1356,12,1
1357,47,1
1358,42,1
1359,39,1
1360,24,1
1361,14,1
1362,27,1
1363,48,1
1364,25,1
1365,39,1
1366,41,1
1367,49,1
1368,9,1
1369,39,1
1370,29,1
1371,37,1
1372,25,1
1373,8,1
1374,17,1
1375,12,1
1376,16,1
1377,37,1
1378,5,1
1379,36,1
1380,48,1
1381,13,1
1382,46,1
1383,6,1
1384,26,1
1385,27,1
1386,13,1
1387,33,1
1388,10,1
1389,1,1
1390,15,1
1391,14,1
1392,30,1
1393,50,1
1394,14,1
1395,12,1
1396,32,1
1397,36,1
1398,48,1
1399,37,1
1400,19,1
1401,49,1
1402,11,1
1403,22,1
1404,2,1
1405,30,1
1406,44,1
1407,26,1
1408,22,1
1409,16,1
1410,37,1
1411,27,1
1412,42,1
1413,1,1
1414,51,1
1415,43,1
1416,28,1
1417,6,1
1418,45,1
1419,25,1
1420,39,1
1421,21,1
1422,13,1
1423,4,1
1424,35,1
1425,21,1
1426,38,1
1427,19,1
1428,24,1
1429,9,1
1430,25,1
1431,28,1
1432,25,1
1433,25,1
1434,3,1
1435,44,1
1436,36,1
1437,36,1
1438,23,1
1439,23,1
1440,19,1
1441,16,1
1442,18,1
1443,51,1
1444,36,1
1445,25,1
1446,27,1
1447,16,1
1448,50,1
1449,22,1
1450,44,1
1451,35,1
1452,1,1
1453,7,1
1454,24,1
1455,43,1
1456,43,1
1457,14,1
1458,28,1
1459,38,1
1460,28,1
1461,27,1
1462,13,1
1463,17,1
1464,50,1
1465,37,1
1466,33,1
1467,17,1
1468,38,1
1469,45,1
1470,8,1
1471,1,1
1472,9,1
1473,49,1
1474,50,1
1475,48,1
1476,32,1
1477,23,1
1478,40,1
1479,2,1
1480,34,1
1481,33,1
1482,28,1
1483,24,1
1484,6,1
1485,23,1
1486,22,1
1487,38,1
1488,11,1
1489,49,1
1490,31,1
1491,41,1
1492,47,1
1493,39,1
1494,33,1
1495,29,1
1496,16,1
1497,15,1
1498,7,1
1499,28,1
1500,47,1
1501,24,1
1502,39,1
1503,39,1
1504,6,1
1505,36,1
1506,25,1
1507,3,1
1508,34,1
1509,23,1
1510,46,1
1511,50,1
1512,26,1
1513,29,1
1514,32,1
1515,10,1
1516,17,1
1517,37,1
1518,31,1
1519,2,1
1520,26,1
1521,38,1
1522,23,1
1523,33,1
1524,21,1
1525,5,1
1526,20,1
1527,44,1
1528,46,1
1529,18,1
1530,36,1
1531,42,1
1532,45,1
1533,7,1
1534,24,1
1535,27,1
1536,15,1
1537,17,1
1538,40,1
1539,51,1
1540,4,1
1541,31,1
1542,1,1
1543,8,1
1544,41,1
1545,10,1
1546,29,1
1547,12,1
1548,21,1
1549,36,1
1550,50,1
1551,22,1
1552,29,1
1553,11,1
1554,33,1
1555,2,1
1556,26,1
1557,43,1
1558,12,1
1559,16,1
1560,12,1
1561,35,1
1562,51,1
1563,17,1
1564,45,1
1565,46,1
1566,51,1
1567,11,1
1568,30,1
1569,24,1
1570,35,1
1571,8,1
1572,43,1
1573,22,1
1574,46,1
1575,32,1
1576,38,1
1577,50,1
1578,24,1
1579,3,1
1580,33,1
1581,25,1
1582,45,1
1583,37,1
1584,27,1
1585,25,1
1586,29,1
1587,18,1
1588,49,1
1589,11,1
1590,19,1
1591,26,1
1592,10,1
1593,16,1
1594,8,1
1595,46,1
1596,8,1
1597,19,1
1598,21,1
1599,13,1
1600,35,1
1601,44,1
1602,43,1
1603,36,1
1604,51,1
1605,34,1
1606,23,1
1607,20,1
1608,0,1
1609,41,1
1610,0,1
1611,9,1
1612,23,1
1613,41,1
1614,36,1
1615,27,1
1616,11,1
1617,9,1
1618,21,1
1619,37,1
1620,17,1
1621,25,1
1622,1,1
1623,22,1
1624,45,1
1625,16,1
1626,24,1
1627,17,1
1628,21,1
1629,16,1
1630,40,1
1631,30,1
1632,17,1
1633,8,1
1634,42,1
1635,19,1
1636,42,1
1637,51,1
1638,15,1
1639,3,1
1640,17,1
1641,18,1
1642,40,1
1643,12,1
1644,45,1
1645,12,1
1646,21,1
1647,38,1
1648,45,1
1649,10,1
1650,1,1
1651,12,1
1652,34,1
1653,29,1
1654,48,1
1655,16,1
1656,0,1
1657,29,1
1658,26,1
1659,24,1
1660,43,1
1661,40,1
1662,17,1
1663,9,1
1664,20,1
1665,45,1
1666,9,1
1667,51,1
1668,43,1
1669,0,1
1670,34,1
1671,49,1
1672,27,1
1673,42,1
1674,2,1
1675,29,1
1676,27,1
1677,15,1
1678,2,1
1679,8,1
1680,26,1
1681,31,1
1682,44,1
1683,41,1
1684,16,1
1685,14,1
1686,8,1
1687,7,1
1688,51,1
1689,35,1
1690,42,1
1691,0,1
1692,23,1
1693,29,1
1694,7,1
1695,34,1
1696,8,1
1697,45,1
1698,17,1
1699,44,1
1700,47,1
1701,15,1
1702,43,1
1703,49,1
1704,50,1
1705,8,1
1706,27,1
1707,40,1
1708,4,1
1709,46,1
1710,14,1
1711,39,1
1712,0,1
1713,2,1
1714,15,1
1715,0,1
1716,34,1
1717,15,1
1718,5,1
1719,37,1
1720,15,1
1721,50,1
1722,27,1
1723,0,1
1724,26,1
1725,7,1
1726,38,1
1727,12,1
1728,37,1
1729,42,1
1730,9,1
1731,25,1
1732,36,1
1733,9,1
1734,43,1
1735,1,1
1736,13,1
1737,40,1
1738,22,1
1739,25,1
1740,19,1
1741,7,1
1742,39,1
1743,18,1
1744,18,1
1745,43,1
1746,39,1
1747,23,1
1748,4,1
1749,7,1
1750,48,1
1751,51,1
1752,50,1
1753,51,1
1754,38,1
1755,11,1
1756,39,1
1757,3,1
1758,31,1
1759,15,1
1760,8,1
1761,46,1
1762,36,1
1763,23,1
1764,36,1
1765,39,1
1766,24,1
1767,25,1
1768,6,1
1769,47,1
1770,39,1
1771,27,1
1772,21,1
1773,14,1
1774,50,1
1775,8,1
1776,31,1
1777,21,1
1778,46,1
1779,31,1
1780,16,1
1781,33,1
1782,40,1
1783,21,1
1784,28,1
1785,2,1
1786,16,1
1787,31,1
1788,6,1
1789,16,1
1790,25,1
1791,45,1
1792,47,1
1793,43,1
1794,38,1
1795,35,1
1796,30,1
1797,7,1
1798,6,1
1799,38,1
1800,29,1
1801,50,1
1802,15,1
1803,8,1
1804,17,1
1805,4,1
1806,2,1
1807,50,1
1808,23,1
1809,47,1
1810,46,1
1811,14,1
1812,40,1
1813,18,1
1814,32,1
1815,40,1
1816,28,1
1817,1,1
1818,12,1
1819,43,1
1820,18,1
1821,44,1
1822,27,1
1823,20,1
1824,12,1
1825,38,1
1826,25,1
1827,8,1
1828,2,1
1829,24,1
1830,4,1
1831,33,1
1832,37,1
1833,5,1
1834,3,1
1835,10,1
1836,20,1
1837,28,1
1838,22,1
1839,50,1
1840,26,1
1841,49,1
1842,43,1
1843,11,1
1844,22,1
1845,6,1
1846,44,1
1847,5,1
1848,10,1
1849,24,1
1850,43,1
1851,51,1
1852,24,1
1853,21,1
1854,1,1
1855,4,1
1856,25,1
1857,40,1
1858,24,1
1859,35,1
1860,26,1
1861,22,1
1862,0,1
1863,14,1
1864,4,1
1865,0,1
1866,10,1
1867,39,1
1868,8,1
1869,4,1
1870,0,1
1871,44,1
1872,38,1
1873,6,1
1874,6,1
1875,11,1
1876,46,1
1877,24,1
1878,0,1
1879,13,1
1880,14,1
1881,12,1
1882,12,1
1883,16,1
1884,49,1
1885,32,1
1886,41,1
1887,12,1
1888,41,1
1889,49,1
1890,51,1
1891,2,1
1892,41,1
1893,45,1
1894,5,1
1895,6,1
1896,8,1
1897,33,1
1898,22,1
1899,27,1
1900,12,1
1901,4,1
1902,31,1
1903,27,1
1904,9,1
1905,20,1
1906,10,1
1907,10,1
1908,7,1
1909,37,1
1910,39,1
1911,33,1
1912,38,1
1913,25,1
1914,25,1
1915,21,1
1916,7,1
1917,50,1
1918,44,1
1919,38,1
1920,30,1
1921,24,1
1922,51,1
1923,48,1
1924,38,1
1925,46,1
1926,10,1
1927,9,1
1928,45,1
1929,6,1
1930,46,1
1931,33,1
1932,47,1
1933,35,1
1934,0,1
1935,18,1
1936,20,1
1937,46,1
1938,12,1
1939,38,1
1940,6,1
1941,39,1
1942,24,1
1943,7,1
1944,51,1
1945,17,1
1946,34,1
1947,20,1
1948,22,1
1949,14,1
1950,37,1
1951,20,1
1952,26,1
1953,43,1
1954,0,1
1955,8,1
1956,21,1
1957,43,1
1958,4,1
1959,13,1
1960,28,1
1961,46,1
1962,6,1
1963,34,1
1964,7,1
1965,43,1
1966,11,1
1967,4,1
1968,34,1
1969,22,1
1970,44,1
1971,41,1
1972,24,1
1973,1,1
1974,34,1
1975,9,1
1976,22,1
1977,45,1
1978,19,1
1979,24,1
1980,40,1
1981,46,1
1982,33,1
1983,23,1
1984,24,1
1985,24,1
1986,5,1
1987,17,1
1988,14,1
1989,48,1
1990,31,1
1991,12,1
1992,36,1
1993,1,1
1994,1,1
1995,21,1
1996,12,1
1997,2,1
1998,3,1
1999,34,1
2000,5,1
2001,47,1
2002,39,1
2003,1,1
2004,18,1
2005,4,1
2006,12,1
2007,3,1
2008,2,1
2009,4,1
2010,42,1
2011,37,1
2012,20,1
2013,12,1
2014,50,1
2015,21,1
2016,1,1
2017,42,1
2018,39,1
2019,31,1
2020,3,1
2021,25,1
2022,11,1
2023,20,1
2024,11,1
2025,21,1
2026,6,1
2027,26,1
2028,2,1
2029,17,1
2030,46,1
2031,20,1
2032,22,1
2033,31,1
2034,48,1
2035,39,1
2036,26,1
2037,33,1
2038,31,1
2039,20,1
2040,32,1
2041,46,1
2042,22,1
2043,35,1
2044,48,1
2045,3,1
2046,32,1
2047,12,1
2048,34,1
2049,24,1
2050,45,1
2051,37,1
2052,10,1
2053,3,1
2054,51,1
2055,37,1
2056,13,1
2057,23,1
2058,41,1
2059,42,1
2060,10,1
2061,1,1
2062,43,1
2063,11,1
2064,28,1
2065,15,1
2066,21,1
2067,46,1
2068,16,1
2069,31,1
2070,32,1
2071,50,1
2072,23,1
2073,18,1
2074,25,1
2075,40,1
2076,2,1
2077,17,1
2078,46,1
2079,8,1
2080,19,1
2081,14,1
2082,15,1
2083,22,1
2084,10,1
2085,19,1
2086,10,1
2087,10,1
2088,39,1
2089,7,1
2090,32,1
2091,47,1
2092,31,1
2093,24,1
2094,26,1
2095,44,1
2096,32,1
2097,25,1
2098,49,1
2099,23,1
2100,0,1
2101,20,1
2102,38,1
2103,10,1
2104,32,1
2105,42,1
2106,27,1
2107,25,1
2108,50,1
2109,51,1
2110,36,1
2111,36,1
2112,26,1
2113,39,1
2114,44,1
2115,6,1
2116,1,1
2117,8,1
2118,39,1
2119,41,1
2120,2,1
2121,6,1
2122,18,1
2123,13,1
2124,11,1
2125,39,1
2126,46,1
2127,2,1
2128,45,1
2129,32,1
2130,25,1
2131,37,1
2132,30,1
2133,43,1
2134,15,1
2135,17,1
2136,13,1
2137,50,1
2138,42,1
2139,29,1
2140,8,1
2141,0,1
2142,16,1
2143,28,1
2144,31,1
2145,30,1
2146,36,1
2147,26,1
2148,43,1
2149,39,1
2150,24,1
2151,47,1
2152,37,1
2153,7,1
2154,8,1
2155,29,1
2156,25,1
2157,16,1
2158,40,1
2159,35,1
2160,21,1
2161,25,1
2162,48,1
2163,16,1
2164,29,1
2165,50,1
2166,2,1
2167,37,1
2168,12,1
2169,12,1
2170,9,1
2171,6,1
2172,45,1
2173,42,1
2174,34,1
2175,38,1
2176,44,1
2177,37,1
2178,0,1
2179,35,1
2180,30,1
2181,17,1
2182,20,1
2183,12,1
2184,45,1
2185,41,1
2186,3,1
2187,4,1
2188,6,1
2189,9,1
2190,46,1
2191,26,1
2192,48,1
2193,45,1
2194,10,1
2195,39,1
2196,28,1
2197,35,1
2198,49,1
2199,13,1
2200,27,1
2201,39,1
2202,1,1
2203,32,1
2204,47,1
2205,12,1
2206,7,1
2207,15,1
2208,11,1
2209,35,1
2210,17,1
2211,45,1
2212,4,1
2213,45,1
2214,4,1
2215,22,1
2216,31,1
2217,37,1
2218,10,1
2219,1,1
2220,42,1
2221,35,1
2222,25,1
2223,33,1
2224,30,1
2225,13,1
2226,21,1
2227,12,1
2228,39,1
2229,19,1
2230,24,1
2231,28,1
2232,51,1
2233,4,1
2234,38,1
2235,20,1
2236,21,1
2237,40,1
2238,39,1
2239,41,1
2240,20,1
2241,27,1
2242,39,1
2243,24,1
2244,6,1
2245,25,1
2246,32,1
2247,1,1
2248,37,1
2249,31,1
2250,48,1
2251,45,1
2252,19,1
2253,45,1
2254,22,1
2255,40,1
2256,31,1
2257,18,1
2258,24,1
2259,22,1
2260,28,1
2261,3,1
2262,17,1
2263,41,1
2264,25,1
2265,17,1
2266,37,1
2267,23,1
2268,18,1
2269,17,1
2270,17,1
2271,51,1
2272,9,1
2273,15,1
2274,46,1
2275,26,1
2276,51,1
2277,1,1
2278,35,1
2279,38,1
2280,48,1
2281,34,1
2282,1,1
2283,21,1
2284,23,1
2285,43,1
2286,40,1
2287,28,1
2288,48,1
2289,45,1
2290,23,1
2291,44,1
2292,17,1
2293,46,1
2294,48,1
2295,10,1
2296,30,1
2297,23,1
2298,50,1
2299,30,1
2300,43,1
2301,16,1
2302,25,1
2303,24,1
2304,45,1
2305,50,1
2306,9,1
2307,36,1
2308,48,1
2309,22,1
2310,45,1
2311,31,1
2312,51,1
2313,40,1
2314,30,1
2315,43,1
2316,1,1
2317,29,1
2318,14,1
2319,29,1
2320,33,1
2321,24,1
2322,30,1
2323,23,1
2324,4,1
2325,17,1
2326,45,1
2327,45,1
2328,37,1
2329,46,1
2330,22,1
2331,22,1
2332,8,1
2333,6,1
2334,40,1
2335,16,1
2336,36,1
2337,44,1
2338,10,1
2339,19,1
2340,9,1
2341,39,1
2342,10,1
2343,45,1
2344,8,1
2345,27,1
2346,26,1
2347,40,1
2348,24,1
2349,35,1
2350,35,1
2351,23,1
2352,44,1
2353,34,1
2354,49,1
2355,16,1
2356,12,1
2357,18,1
2358,26,1
2359,13,1
2360,17,1
2361,50,1
2362,17,1
2363,12,1
2364,33,1
2365,19,1
2366,29,1
2367,23,1
2368,41,1
2369,42,1
2370,7,1
2371,13,1
2372,1,1
2373,29,1
2374,46,1
2375,11,1
2376,28,1
2377,40,1
2378,11,1
2379,19,1
2380,38,1
2381,14,1
2382,8,1
2383,40,1
2384,13,1
2385,16,1
2386,43,1
2387,48,1
2388,30,1
2389,32,1
2390,49,1
2391,13,1
2392,22,1
2393,22,1
2394,35,1
2395,19,1
2396,15,1
2397,22,1
2398,25,1
2399,24,1
2400,45,1
2401,37,1
2402,22,1
2403,41,1
2404,7,1
2405,8,1
2406,1,1
2407,21,1
2408,37,1
2409,10,1
2410,41,1
2411,2,1
2412,49,1
2413,49,1
2414,16,1
2415,3,1
2416,9,1
2417,30,1
2418,20,1
2419,51,1
2420,43,1
2421,50,1
2422,16,1
2423,47,1
2424,36,1
2425,22,1
2426,43,1
2427,18,1
2428,15,1
2429,50,1
2430,7,1
2431,4,1
2432,44,1
2433,23,1
2434,35,1
2435,26,1
2436,42,1
2437,42,1
2438,43,1
2439,13,1
2440,10,1
2441,41,1
2442,39,1
2443,29,1
2444,22,1
2445,39,1
2446,42,1
2447,3,1
2448,8,1
2449,47,1
2450,34,1
2451,39,1
2452,22,1
2453,15,1
2454,18,1
2455,50,1
2456,44,1
2457,21,1
2458,28,1
2459,26,1
2460,26,1
2461,7,1
2462,25,1
2463,0,1
2464,27,1
2465,41,1
2466,23,1
2467,22,1
2468,8,1
2469,14,1
2470,43,1
2471,25,1
2472,37,1
2473,0,1
2474,12,1
2475,5,1
2476,14,1
2477,25,1
2478,23,1
2479,33,1
2480,45,1
2481,6,1
2482,9,1
2483,11,1
2484,36,1
2485,6,1
2486,5,1
2487,6,1
2488,0,1
2489,10,1
2490,40,1
2491,34,1
2492,41,1
2493,8,1
2494,44,1
2495,18,1
2496,44,1
2497,10,1
2498,47,1
2499,20,1
2500,39,1
2501,0,1
2502,0,1
2503,33,1
2504,17,1
2505,18,1
2506,34,1
2507,24,1
2508,26,1
2509,40,1
2510,6,1
2511,23,1
2512,22,1
2513,43,1
2514,20,1
2515,20,1
2516,3,1
2517,34,1
2518,6,1
2519,4,1
2520,11,1
2521,36,1
2522,35,1
2523,13,1
2524,0,1
2525,3,1
2526,20,1
2527,30,1
2528,17,1
2529,51,1
2530,32,1
2531,32,1
2532,21,1
2533,29,1
2534,46,1
2535,47,1
2536,23,1
2537,23,1
2538,34,1
2539,27,1
2540,15,1
2541,5,1
2542,3,1
2543,38,1
2544,12,1
2545,29,1
2546,7,1
2547,51,1
2548,37,1
2549,43,1
2550,41,1
2551,9,1
2552,29,1
2553,36,1
2554,48,1
2555,43,1
2556,30,1
2557,10,1
2558,39,1
2559,48,1
2560,19,1
2561,10,1
2562,46,1
2563,1,1
2564,34,1
2565,51,1
2566,8,1
2567,39,1
2568,29,1
2569,27,1
2570,36,1
2571,7,1
2572,21,1
2573,4,1
2574,38,1
2575,28,1
2576,12,1
2577,9,1
2578,20,1
2579,8,1
2580,6,1
2581,8,1
2582,17,1
2583,25,1
2584,34,1
2585,23,1
2586,13,1
2587,36,1
2588,12,1
2589,18,1
2590,15,1
2591,37,1
2592,31,1
2593,24,1
2594,48,1
2595,8,1
2596,0,1
2597,24,1
2598,3,1
2599,7,1
2600,45,1
2601,6,1
2602,11,1
2603,33,1
2604,6,1
2605,47,1
2606,11,1
2607,11,1
2608,40,1
2609,24,1
2610,27,1
2611,28,1
2612,13,1
2613,30,1
2614,17,1
2615,35,1
2616,20,1
2617,5,1
2618,4,1
2619,26,1
2620,3,1
2621,25,1
2622,29,1
2623,37,1
2624,27,1
2625,31,1
2626,0,1
2627,35,1
2628,23,1
2629,7,1
2630,49,1
2631,35,1
2632,39,1
2633,48,1
2634,19,1
2635,30,1
2636,23,1
2637,19,1
2638,11,1
2639,51,1
2640,1,1
2641,43,1
2642,39,1
2643,20,1
2644,20,1
2645,44,1
2646,20,1
2647,41,1
2648,45,1
2649,23,1
2650,34,1
2651,27,1
2652,42,1
2653,23,1
2654,39,1
2655,14,1
2656,44,1
2657,32,1
2658,48,1
2659,33,1
2660,24,1
2661,43,1
2662,5,1
2663,50,1
2664,43,1
2665,35,1
2666,51,1
2667,18,1
2668,6,1
2669,48,1
2670,43,1
2671,21,1
2672,26,1
2673,35,1
2674,20,1
2675,49,1
2676,21,1
2677,19,1
2678,48,1
2679,49,1
2680,24,1
2681,43,1
2682,15,1
2683,6,1
2684,44,1
2685,9,1
2686,1,1
2687,38,1
2688,8,1
2689,20,1
2690,19,1
2691,34,1
2692,35,1
2693,35,1
2694,5,1
2695,28,1
2696,4,1
2697,43,1
2698,0,1
2699,15,1
2700,12,1
2701,30,1
2702,41,1
2703,30,1
2704,37,1
2705,31,1
2706,20,1
2707,31,1
2708,43,1
2709,5,1
2710,20,1
2711,14,1
2712,9,1
2713,44,1
2714,26,1
2715,24,1
2716,20,1
2717,19,1
2718,33,1
2719,5,1
2720,42,1
2721,20,1
2722,25,1
2723,45,1
2724,12,1
2725,37,1
2726,5,1
2727,44,1
2728,39,1
2729,48,1
2730,6,1
2731,15,1
2732,33,1
2733,28,1
2734,0,1
2735,17,1
2736,22,1
2737,16,1
2738,13,1
2739,39,1
2740,43,1
2741,18,1
2742,29,1
2743,2,1
2744,3,1
2745,37,1
2746,37,1
2747,45,1
2748,11,1
2749,12,1
2750,19,1
2751,28,1
2752,17,1
2753,7,1
2754,9,1
2755,21,1
2756,36,1
2757,46,1
2758,51,1
2759,14,1
2760,33,1
2761,44,1
2762,33,1
2763,9,1
2764,50,1
2765,33,1
2766,1,1
2767,5,1
2768,43,1
2769,20,1
2770,42,1
2771,19,1
2772,35,1
2773,32,1
2774,6,1
2775,37,1
2776,16,1
2777,29,1
2778,29,1
2779,22,1
2780,23,1
2781,31,1
2782,2,1
2783,4,1
2784,19,1
2785,11,1
2786,33,1
2787,24,1
2788,20,1
2789,45,1
2790,2,1
2791,48,1
2792,30,1
2793,50,1
2794,8,1
2795,41,1
2796,13,1
2797,51,1
2798,42,1
2799,34,1
2800,33,1
2801,2,1
2802,26,1
2803,34,1
2804,12,1
2805,18,1
2806,0,1
2807,51,1
2808,12,1
2809,39,1
2810,45,1
2811,7,1
2812,18,1
2813,27,1
2814,15,1
2815,33,1
2816,39,1
2817,7,1
2818,20,1
2819,10,1
2820,32,1
2821,1,1
2822,34,1
2823,22,1
2824,43,1
2825,50,1
2826,28,1
2827,46,1
2828,40,1
2829,47,1
2830,30,1
2831,49,1
2832,32,1
2833,35,1
2834,31,1
2835,34,1
2836,24,1
2837,28,1
2838,3,1
2839,41,1
2840,12,1
2841,5,1
2842,32,1
2843,32,1
2844,38,1
2845,0,1
2846,43,1
2847,34,1
2848,22,1
2849,26,1
2850,15,1
2851,30,1
2852,0,1
2853,28,1
2854,7,1
2855,4,1
2856,22,1
2857,37,1
2858,8,1
2859,25,1
2860,19,1
2861,46,1
2862,3,1
2863,28,1
2864,31,1
2865,47,1
2866,14,1
2867,8,1
2868,43,1
2869,10,1
2870,20,1
2871,31,1
2872,12,1
2873,7,1
2874,9,1
2875,1,1
2876,51,1
2877,36,1
2878,10,1
2879,37,1
2880,4,1
2881,17,1
2882,44,1
2883,17,1
2884,45,1
2885,5,1
2886,49,1
2887,46,1
2888,21,1
2889,16,1
2890,46,1
2891,31,1
2892,43,1
2893,48,1
2894,23,1
2895,22,1
2896,19,1
2897,34,1
2898,24,1
2899,0,1
2900,29,1
2901,9,1
2902,21,1
2903,2,1
2904,15,1
2905,37,1
2906,27,1
2907,21,1
2908,21,1
2909,45,1
2910,9,1
2911,0,1
2912,10,1
2913,0,1
2914,47,1
2915,45,1
2916,7,1
2917,50,1
2918,48,1
2919,11,1
2920,24,1
2921,19,1
2922,0,1
2923,35,1
2924,13,1
2925,4,1
2926,9,1
2927,35,1
2928,50,1
2929,37,1
2930,43,1
2931,30,1
2932,21,1
2933,28,1
2934,18,1
2935,42,1
2936,25,1
2937,2,1
2938,16,1
2939,40,1
2940,39,1
2941,6,1
2942,21,1
2943,4,1
2944,51,1
2945,40,1
2946,26,1
2947,41,1
2948,36,1
2949,2,1
2950,12,1
2951,21,1
2952,11,1
2953,10,1
2954,9,1
2955,7,1
2956,31,1
2957,35,1
2958,50,1
2959,28,1
2960,51,1
2961,8,1
2962,27,1
2963,21,1
2964,40,1
2965,47,1
2966,18,1
2967,36,1
2968,14,1
2969,46,1
2970,8,1
2971,16,1
2972,23,1
2973,42,1
2974,28,1
2975,29,1
2976,17,1
2977,49,1
2978,46,1
2979,17,1
2980,39,1
2981,3,1
2982,28,1
2983,40,1
2984,12,1
2985,15,1
2986,22,1
2987,44,1
2988,4,1
2989,51,1
2990,45,1
2991,20,1
2992,41,1
2993,48,1
2994,11,1
2995,8,1
2996,21,1
2997,5,1
2998,36,1
2999,51,1
3000,44,1
3001,41,1
3002,26,1
3003,39,1
3004,45,1
3005,8,1
3006,10,1
3007,46,1
3008,47,1
3009,10,1
3010,22,1
3011,44,1
3012,5,1
3013,41,1
3014,17,1
3015,28,1
3016,38,1
3017,44,1
3018,14,1
3019,39,1
3020,21,1
3021,42,1
3022,1,1
3023,33,1
3024,46,1
3025,7,1
3026,31,1
3027,36,1
3028,35,1
3029,41,1
3030,18,1
3031,26,1
3032,25,1
3033,37,1
3034,10,1
3035,10,1
3036,11,1
3037,29,1
3038,31,1
3039,30,1
3040,50,1
3041,3,1
3042,10,1
3043,29,1
3044,41,1
3045,42,1
3046,42,1
3047,44,1
3048,38,1
3049,21,1
3050,28,1
3051,3,1
3052,2,1
3053,45,1
3054,31,1
3055,47,1
3056,19,1
3057,47,1
3058,21,1
3059,38,1
3060,32,1
3061,25,1
3062,21,1
3063,14,1
3064,39,1
3065,42,1
3066,30,1
3067,47,1
3068,30,1
3069,26,1
3070,40,1
3071,44,1
3072,28,1
3073,0,1
3074,17,1
3075,48,1
3076,21,1
3077,26,1
3078,15,1
3079,5,1
3080,5,1
3081,25,1
3082,37,1
3083,7,1
3084,43,1
3085,40,1
3086,6,1
3087,51,1
3088,23,1
3089,5,1
3090,20,1
3091,21,1
3092,35,1
3093,9,1
3094,31,1
3095,8,1
3096,26,1
3097,24,1
3098,11,1
3099,6,1
3100,14,1
3101,4,1
3102,28,1
3103,28,1
3104,1,1
3105,12,1
3106,44,1
3107,18,1
3108,24,1
3109,20,1
3110,16,1
3111,10,1
3112,10,1
3113,6,1
3114,30,1
3115,28,1
3116,39,1
3117,4,1
3118,0,1
3119,14,1
3120,23,1
3121,21,1
3122,40,1
3123,47,1
3124,28,1
3125,0,1
3126,17,1
3127,25,1
3128,12,1
3129,2,1
3130,26,1
3131,23,1
3132,34,1
3133,7,1
3134,6,1
3135,11,1
3136,40,1
3137,28,1
3138,6,1
3139,49,1
3140,19,1
3141,51,1
3142,21,1
3143,22,1
3144,40,1
3145,34,1
3146,42,1
3147,11,1
3148,8,1
3149,24,1
3150,0,1
3151,2,1
3152,44,1
3153,17,1
3154,37,1
3155,37,1
3156,47,1
3157,30,1
3158,43,1
3159,33,1
3160,10,1
3161,1,1
3162,35,1
3163,39,1
3164,20,1
3165,10,1
3166,44,1
3167,30,1
3168,21,1
3169,35,1
3170,5,1
3171,37,1
3172,0,1
3173,17,1
3174,5,1
3175,26,1
3176,7,1
3177,34,1
3178,48,1
3179,38,1
3180,37,1
3181,18,1
3182,47,1
3183,2,1
3184,11,1
3185,2,1
3186,6,1
3187,5,1
3188,10,1
3189,40,1
3190,12,1
3191,2,1
3192,15,1
3193,25,1
3194,30,1
3195,5,1
3196,50,1
3197,48,1
3198,18,1
3199,19,1
3200,23,1
3201,0,1
3202,25,1
3203,11,1
3204,13,1
3205,41,1
3206,37,1
3207,15,1
3208,33,1
3209,25,1
3210,17,1
3211,9,1
3212,15,1
3213,34,1
3214,33,1
3215,34,1
3216,48,1
3217,43,1
3218,51,1
3219,29,1
3220,27,1
3221,39,1
3222,44,1
3223,29,1
3224,33,1
3225,39,1
3226,7,1
3227,8,1
3228,19,1
3229,34,1
3230,33,1
3231,8,1
3232,16,1
3233,44,1
3234,25,1
3235,16,1
3236,11,1
3237,39,1
3238,19,1
3239,26,1
3240,7,1
3241,43,1
3242,23,1
3243,45,1
3244,5,1
3245,5,1
3246,44,1
3247,26,1
3248,50,1
3249,28,1
3250,25,1
3251,50,1
3252,23,1
3253,25,1
3254,43,1
3255,17,1
3256,4,1
3257,13,1
3258,25,1
3259,34,1
3260,33,1
3261,44,1
3262,10,1
3263,19,1
3264,20,1
3265,13,1
3266,24,1
3267,28,1
3268,7,1
3269,41,1
3270,19,1
3271,32,1
3272,39,1
3273,4,1
3274,29,1
3275,49,1
3276,23,1
3277,8,1
3278,27,1
3279,33,1
3280,17,1
3281,31,1
3282,36,1
3283,44,1
3284,6,1
3285,1,1
3286,19,1
3287,43,1
3288,25,1
3289,32,1
3290,31,1
3291,0,1
3292,31,1
3293,49,1
3294,26,1
3295,30,1
3296,4,1
3297,9,1
3298,29,1
3299,35,1
3300,24,1
3301,26,1
3302,48,1
3303,34,1
3304,47,1
3305,28,1
3306,32,1
3307,44,1
3308,42,1
3309,43,1
3310,51,1
3311,20,1
3312,10,1
3313,24,1
3314,18,1
3315,17,1
3316,18,1
3317,0,1
3318,30,1
3319,16,1
3320,39,1
3321,0,1
3322,45,1
3323,41,1
3324,5,1
3325,19,1
3326,24,1
3327,17,1
3328,38,1
3329,26,1
3330,32,1
3331,11,1
3332,2,1
3333,32,1
3334,13,1
3335,4,1
3336,30,1
3337,41,1
3338,9,1
3339,32,1
3340,22,1
3341,40,1
3342,27,1
3343,34,1
3344,41,1
3345,21,1
3346,49,1
3347,10,1
3348,4,1
3349,15,1
3350,34,1
3351,39,1
3352,21,1
3353,14,1
3354,47,1
3355,14,1
3356,24,1
3357,45,1
3358,40,1
3359,27,1
3360,26,1
3361,28,1
3362,12,1
3363,40,1
3364,26,1
3365,38,1
3366,32,1
3367,45,1
3368,4,1
3369,21,1
3370,11,1
3371,22,1
3372,7,1
3373,48,1
3374,35,1
3375,27,1
3376,26,1
3377,27,1
3378,34,1
3379,14,1
3380,29,1
3381,51,1
3382,44,1
3383,47,1
3384,43,1
3385,51,1
3386,37,1
3387,36,1
3388,41,1
3389,8,1
3390,33,1
3391,14,1
3392,44,1
3393,16,1
3394,43,1
3395,23,1
3396,0,1
3397,22,1
3398,12,1
3399,4,1
3400,29,1
3401,33,1
3402,20,1
3403,45,1
3404,0,1
3405,4,1
3406,46,1
3407,14,1
3408,15,1
3409,50,1
3410,13,1
3411,16,1
3412,42,1
3413,20,1
3414,46,1
3415,39,1
3416,33,1
3417,15,1
3418,49,1
3419,48,1
3420,30,1
3421,10,1
3422,20,1
3423,47,1
3424,47,1
3425,14,1
3426,16,1
3427,37,1
3428,42,1
3429,7,1
3430,30,1
3431,44,1
3432,36,1
3433,51,1
3434,50,1
3435,4,1
3436,9,1
3437,25,1
3438,44,1
3439,15,1
3440,35,1
3441,44,1
3442,6,1
3443,0,1
3444,31,1
3445,46,1
3446,51,1
3447,13,1
3448,21,1
3449,40,1
3450,12,1
3451,46,1
3452,33,1
3453,4,1
3454,8,1
3455,20,1
3456,2,1
3457,14,1
3458,20,1
3459,35,1
3460,22,1
3461,27,1
3462,10,1
3463,46,1
3464,43,1
3465,49,1
3466,50,1
3467,38,1
3468,18,1
3469,30,1
3470,22,1
3471,45,1
3472,37,1
3473,26,1
3474,46,1
3475,11,1
3476,49,1
3477,42,1
3478,8,1
3479,26,1
3480,20,1
3481,44,1
3482,23,1
3483,26,1
3484,26,1
3485,20,1
3486,9,1
3487,36,1
3488,47,1
3489,0,1
3490,19,1
3491,41,1
3492,19,1
3493,5,1
3494,42,1
3495,42,1
3496,31,1
3497,8,1
3498,16,1
3499,51,1
3500,48,1
3501,20,1
3502,23,1
3503,40,1
3504,49,1
3505,25,1
3506,8,1
3507,32,1
3508,9,1
3509,34,1
3510,10,1
3511,39,1
3512,28,1
3513,22,1
3514,38,1
3515,0,1
3516,51,1
3517,22,1
3518,26,1
3519,36,1
3520,43,1
3521,9,1
3522,26,1
3523,8,1
3524,51,1
3525,20,1
3526,39,1
3527,43,1
3528,28,1
3529,2,1
3530,17,1
3531,33,1
3532,46,1
3533,0,1
3534,11,1
3535,8,1
3536,48,1
3537,35,1
3538,50,1
3539,29,1
3540,39,1
3541,9,1
3542,33,1
3543,9,1
3544,32,1
3545,6,1
3546,14,1
3547,6,1
3548,23,1
3549,7,1
3550,28,1
3551,21,1
3552,4,1
3553,37,1
3554,41,1
3555,50,1
3556,48,1
3557,30,1
3558,5,1
3559,23,1
3560,20,1
3561,13,1
3562,17,1
3563,51,1
3564,34,1
3565,37,1
3566,3,1
3567,17,1
3568,40,1
3569,38,1
3570,6,1
3571,48,1
3572,16,1
3573,25,1
3574,38,1
3575,41,1
3576,38,1
3577,8,1
3578,14,1
3579,15,1
3580,26,1
3581,51,1
3582,19,1
3583,16,1
3584,19,1
3585,15,1
3586,46,1
3587,36,1
3588,10,1
3589,10,1
3590,49,1
3591,19,1
3592,8,1
3593,41,1
3594,47,1
3595,44,1
3596,41,1
3597,24,1
3598,12,1
3599,14,1
3600,42,1
3601,47,1
3602,0,1
3603,2,1
3604,46,1
3605,21,1
3606,27,1
3607,33,1
3608,28,1
3609,15,1
3610,35,1
3611,19,1
3612,8,1
3613,36,1
3614,0,1
3615,20,1
3616,8,1
3617,46,1
3618,37,1
3619,8,1
3620,48,1
3621,40,1
3622,34,1
3623,14,1
3624,39,1
3625,48,1
3626,41,1
3627,39,1
3628,5,1
3629,46,1
3630,19,1
3631,10,1
3632,40,1
3633,19,1
3634,29,1
3635,20,1
3636,21,1
3637,9,1
3638,41,1
3639,0,1
3640,29,1
3641,51,1
3642,20,1
3643,8,1
3644,6,1
3645,34,1
3646,45,1
3647,20,1
3648,9,1
3649,49,1
3650,42,1
3651,8,1
3652,3,1
3653,28,1
3654,13,1
3655,5,1
3656,11,1
3657,5,1
3658,2,1
3659,36,1
3660,24,1
3661,24,1
3662,35,1
3663,8,1
3664,4,1
3665,12,1
3666,13,1
3667,20,1
3668,6,1
3669,38,1
3670,19,1
3671,7,1
3672,8,1
3673,6,1
3674,0,1
3675,18,1
3676,2,1
3677,41,1
3678,12,1
3679,2,1
3680,7,1
3681,20,1
3682,37,1
3683,38,1
3684,31,1
3685,18,1
3686,11,1
3687,51,1
3688,50,1
3689,27,1
3690,30,1
3691,6,1
3692,51,1
3693,21,1
3694,12,1
3695,36,1
3696,6,1
3697,37,1
3698,34,1
3699,7,1
3700,51,1
3701,18,1
3702,5,1
3703,35,1
3704,31,1
3705,10,1
3706,13,1
3707,15,1
3708,40,1
3709,50,1
3710,27,1
3711,26,1
3712,3,1
3713,33,1
3714,3,1
3715,30,1
3716,32,1
3717,3,1
3718,9,1
3719,43,1
3720,11,1
3721,45,1
3722,41,1
3723,2,1
3724,39,1
3725,11,1
3726,22,1
3727,37,1
3728,39,1
3729,47,1
3730,38,1
3731,40,1
3732,14,1
3733,35,1
3734,44,1
3735,28,1
3736,40,1
3737,50,1
3738,37,1
3739,17,1
3740,9,1
3741,42,1
3742,9,1
3743,38,1
3744,12,1
3745,3,1
3746,40,1
3747,23,1
3748,36,1
3749,16,1
3750,7,1
3751,26,1
3752,11,1
3753,16,1
3754,27,1
3755,22,1
3756,47,1
3757,9,1
3758,21,1
3759,15,1
3760,2,1
3761,9,1
3762,30,1
3763,19,1
3764,14,1
3765,13,1
3766,51,1
3767,31,1
3768,19,1
3769,51,1
3770,37,1
3771,17,1
3772,13,1
3773,38,1
3774,21,1
3775,32,1
3776,50,1
3777,35,1
3778,43,1
3779,46,1
3780,15,1
3781,24,1
3782,5,1
3783,34,1
3784,25,1
3785,37,1
3786,18,1
3787,26,1
3788,24,1
3789,29,1
3790,22,1
3791,17,1
3792,39,1
3793,41,1
3794,25,1
3795,36,1
3796,25,1
3797,34,1
3798,23,1
3799,3,1
3800,51,1
3801,19,1
3802,40,1
3803,50,1
3804,44,1
3805,49,1
3806,23,1
3807,43,1
3808,9,1
3809,37,1
3810,15,1
3811,12,1
3812,39,1
3813,2,1
3814,2,1
3815,7,1
3816,46,1
3817,51,1
3818,2,1
3819,50,1
3820,39,1
3821,34,1
3822,24,1
3823,34,1
3824,47,1
3825,17,1
3826,32,1
3827,19,1
3828,24,1
3829,10,1
3830,8,1
3831,40,1
3832,44,1
3833,19,1
3834,34,1
3835,18,1
3836,2,1
3837,32,1
3838,38,1
3839,49,1
3840,48,1
3841,30,1
3842,25,1
3843,41,1
3844,36,1
3845,40,1
3846,37,1
3847,51,1
3848,27,1
3849,12,1
3850,26,1
3851,29,1
3852,26,1
3853,14,1
3854,7,1
3855,18,1
3856,10,1
3857,44,1
3858,2,1
3859,15,1
3860,47,1
3861,27,1
3862,9,1
3863,20,1
3864,3,1
3865,10,1
3866,26,1
3867,5,1
3868,26,1
3869,30,1
3870,4,1
3871,31,1
3872,18,1
3873,20,1
3874,25,1
3875,23,1
3876,15,1
3877,14,1
3878,31,1
3879,16,1
3880,46,1
3881,48,1
3882,44,1
3883,20,1
3884,8,1
3885,42,1
3886,13,1
3887,46,1
3888,40,1
3889,21,1
3890,41,1
3891,17,1
3892,14,1
3893,44,1
3894,50,1
3895,0,1
3896,22,1
3897,39,1
3898,41,1
3899,36,1
3900,38,1
3901,36,1
3902,28,1
3903,0,1
3904,27,1
3905,40,1
3906,2,1
3907,36,1
3908,10,1
3909,3,1
3910,25,1
3911,11,1
3912,24,1
3913,35,1
3914,22,1
3915,30,1
3916,35,1
3917,28,1
3918,11,1
3919,7,1
3920,5,1
3921,45,1
3922,4,1
3923,48,1
3924,23,1
3925,10,1
3926,0,1
3927,9,1
3928,5,1
3929,27,1
3930,8,1
3931,44,1
3932,48,1
3933,47,1
3934,6,1
3935,45,1
3936,40,1
3937,43,1
3938,37,1
3939,25,1
3940,24,1
3941,15,1
3942,24,1
3943,50,1
3944,40,1
3945,42,1
3946,41,1
3947,1,1
3948,2,1
3949,13,1
3950,7,1
3951,16,1
3952,9,1
3953,38,1
3954,40,1
3955,12,1
3956,19,1
3957,49,1
3958,14,1
3959,26,1
3960,50,1
3961,37,1
3962,32,1
3963,33,1
3964,45,1
3965,45,1
3966,51,1
3967,44,1
3968,48,1
3969,20,1
3970,32,1
3971,6,1
3972,25,1
3973,26,1
3974,28,1
3975,40,1
3976,29,1
3977,35,1
3978,46,1
3979,17,1
3980,0,1
3981,7,1
3982,39,1
3983,20,1
3984,13,1
3985,17,1
3986,38,1
3987,13,1
3988,26,1
3989,28,1
3990,17,1
3991,7,1
3992,35,1
3993,12,1
3994,14,1
3995,41,1
3996,12,1
3997,1,1
3998,44,1
3999,13,1
4000,24,1
4001,32,1
4002,49,1
4003,3,1
4004,43,1
4005,4,1
4006,9,1
4007,38,1
4008,46,1
4009,29,1
4010,27,1
4011,35,1
4012,28,1
4013,45,1
4014,44,1
4015,32,1
4016,22,1
4017,36,1
4018,3,1
4019,47,1
4020,47,1
4021,42,1
4022,8,1
4023,22,1
4024,3,1
4025,15,1
4026,5,1
4027,17,1
4028,36,1
4029,16,1
4030,22,1
4031,44,1
4032,18,1
4033,15,1
4034,11,1
4035,10,1
4036,32,1
4037,2,1
4038,30,1
4039,28,1
4040,18,1
4041,50,1
4042,7,1
4043,7,1
4044,42,1
4045,48,1
4046,19,1
4047,1,1
4048,9,1
4049,46,1
4050,32,1
4051,39,1
4052,14,1
4053,2,1
4054,2,1
4055,39,1
4056,3,1
4057,35,1
4058,50,1
4059,31,1
4060,24,1
4061,48,1
4062,15,1
4063,29,1
4064,45,1
4065,25,1
4066,26,1
4067,8,1
4068,45,1
4069,39,1
4070,26,1
4071,25,1
4072,47,1
4073,28,1
4074,43,1
4075,2,1
4076,19,1
4077,51,1
4078,38,1
4079,48,1
4080,25,1
4081,25,1
4082,20,1
4083,29,1
4084,24,1
4085,8,1
4086,45,1
4087,7,1
4088,14,1
4089,24,1
4090,0,1
4091,40,1
4092,20,1
4093,19,1
4094,25,1
4095,15,1
4096,42,1
4097,43,1
4098,50,1
4099,12,1
4100,19,1
4101,34,1
4102,3,1
4103,38,1
4104,42,1
4105,43,1
4106,32,1
4107,32,1
4108,17,1
4109,3,1
4110,23,1
4111,26,1
4112,8,1
4113,17,1
4114,6,1
4115,32,1
4116,36,1
4117,49,1
4118,6,1
4119,37,1
4120,28,1
4121,37,1
4122,32,1
4123,2,1
4124,38,1
4125,25,1
4126,18,1
4127,8,1
4128,2,1
4129,43,1
4130,19,1
4131,13,1
4132,12,1
4133,15,1
4134,14,1
4135,42,1
4136,15,1
4137,48,1
4138,29,1
4139,40,1
4140,22,1
4141,46,1
4142,25,1
4143,5,1
4144,40,1
4145,42,1
4146,38,1
4147,14,1
4148,38,1
4149,26,1
4150,2,1
4151,2,1
4152,23,1
4153,17,1
4154,7,1
4155,7,1
4156,49,1
4157,4,1
4158,20,1
4159,11,1
4160,9,1
4161,45,1
4162,51,1
4163,24,1
4164,27,1
4165,6,1
4166,47,1
4167,48,1
4168,7,1
4169,28,1
4170,6,1
4171,26,1
4172,19,1
4173,30,1
4174,7,1
4175,27,1
4176,29,1
4177,3,1
4178,39,1
4179,8,1
4180,39,1
4181,16,1
4182,14,1
4183,37,1
4184,42,1
4185,51,1
4186,36,1
4187,7,1
4188,34,1
4189,18,1
4190,37,1
4191,30,1
4192,49,1
4193,47,1
4194,3,1
4195,9,1
4196,18,1
4197,38,1
4198,43,1
4199,31,1
4200,24,1
4201,35,1
4202,35,1
4203,40,1
4204,51,1
4205,11,1
4206,15,1
4207,31,1
4208,24,1
4209,7,1
4210,46,1
4211,25,1
4212,32,1
4213,6,1
4214,36,1
4215,37,1
4216,12,1
4217,47,1
4218,21,1
4219,42,1
4220,20,1
4221,13,1
4222,2,1
4223,9,1
4224,19,1
4225,25,1
4226,8,1
4227,4,1
4228,30,1
4229,44,1
4230,41,1
4231,36,1
4232,20,1
4233,9,1
4234,16,1
4235,33,1
4236,24,1
4237,13,1
4238,6,1
4239,45,1
4240,22,1
4241,22,1
4242,10,1
4243,22,1
4244,30,1
4245,49,1
4246,15,1
4247,45,1
4248,30,1
4249,24,1
4250,3,1
4251,28,1
4252,36,1
4253,6,1
4254,30,1
4255,24,1
4256,28,1
4257,48,1
4258,19,1
4259,0,1
4260,4,1
4261,35,1
4262,2,1
4263,41,1
4264,44,1
4265,11,1
4266,47,1
4267,12,1
4268,20,1
4269,6,1
4270,37,1
4271,6,1
4272,34,1
4273,25,1
4274,11,1
4275,12,1
4276,4,1
4277,44,1
4278,46,1
4279,47,1
4280,13,1
4281,5,1
4282,43,1
4283,21,1
4284,41,1
4285,42,1
4286,28,1
4287,39,1
4288,38,1
4289,6,1
4290,9,1
4291,17,1
4292,19,1
4293,1,1
4294,22,1
4295,17,1
4296,36,1
4297,34,1
4298,9,1
4299,22,1
4300,44,1
4301,3,1
4302,17,1
4303,28,1
4304,24,1
4305,13,1
4306,31,1
4307,23,1
4308,9,1
4309,44,1
4310,5,1
4311,44,1
4312,39,1
4313,9,1
4314,39,1
4315,40,1
4316,27,1
4317,40,1
4318,39,1
4319,34,1
4320,14,1
4321,0,1
4322,48,1
4323,29,1
4324,3,1
4325,2,1
4326,20,1
4327,19,1
4328,8,1
4329,3,1
4330,44,1
4331,25,1
4332,18,1
4333,48,1
4334,28,1
4335,37,1
4336,47,1
4337,13,1
4338,30,1
4339,48,1
4340,27,1
4341,23,1
4342,48,1
4343,44,1
4344,39,1
4345,42,1
4346,18,1
4347,44,1
4348,19,1
4349,7,1
4350,43,1
4351,14,1
4352,13,1
4353,32,1
4354,2,1
4355,6,1
4356,18,1
4357,7,1
4358,2,1
4359,36,1
4360,45,1
4361,1,1
4362,2,1
4363,27,1
4364,28,1
4365,43,1
4366,10,1
4367,10,1
4368,8,1
4369,0,1
4370,44,1
4371,48,1
4372,9,1
4373,6,1
4374,8,1
4375,49,1
4376,18,1
4377,22,1
4378,21,1
4379,5,1
4380,12,1
4381,3,1
4382,20,1
4383,43,1
4384,5,1
4385,8,1
4386,14,1
4387,41,1
4388,8,1
4389,6,1
4390,4,1
4391,0,1
4392,12,1
4393,50,1
4394,37,1
4395,32,1
4396,47,1
4397,18,1
4398,1,1
4399,16,1
4400,49,1
4401,12,1
4402,30,1
4403,40,1
4404,49,1
4405,5,1
4406,28,1
4407,18,1
4408,0,1
4409,20,1
4410,16,1
4411,48,1
4412,41,1
4413,14,1
4414,49,1
4415,9,1
4416,11,1
4417,28,1
4418,23,1
4419,49,1
4420,33,1
4421,7,1
4422,18,1
4423,13,1
4424,14,1
4425,4,1
4426,14,1
4427,32,1
4428,3,1
4429,16,1
4430,29,1
4431,10,1
4432,20,1
4433,15,1
4434,47,1
4435,27,1
4436,44,1
4437,20,1
4438,39,1
4439,28,1
4440,23,1
4441,12,1
4442,33,1
4443,8,1
4444,32,1
4445,42,1
4446,13,1
4447,35,1
4448,5,1
4449,28,1
4450,33,1
4451,2,1
4452,11,1
4453,2,1
4454,32,1
4455,0,1
4456,13,1
4457,44,1
4458,19,1
4459,34,1
4460,36,1
4461,8,1
4462,40,1
4463,22,1
4464,10,1
4465,28,1
4466,5,1
4467,9,1
4468,48,1
4469,20,1
4470,7,1
4471,9,1
4472,6,1
4473,6,1
4474,6,1
4475,30,1
4476,51,1
4477,42,1
4478,6,1
4479,26,1
4480,31,1
4481,31,1
4482,9,1
4483,45,1
4484,44,1
4485,40,1
4486,43,1
4487,39,1
4488,48,1
4489,2,1
4490,42,1
4491,40,1
4492,22,1
4493,27,1
4494,20,1
4495,17,1
4496,6,1
4497,45,1
4498,32,1
4499,15,1
4500,1,1
4501,12,1
4502,47,1
4503,47,1
4504,5,1
4505,16,1
4506,26,1
4507,4,1
4508,16,1
4509,16,1
4510,0,1
4511,20,1
4512,19,1
4513,3,1
4514,23,1
4515,42,1
4516,45,1
4517,17,1
4518,43,1
4519,34,1
4520,6,1
4521,37,1
4522,0,1
4523,12,1
4524,26,1
4525,49,1
4526,42,1
4527,1,1
4528,15,1
4529,39,1
4530,21,1
4531,4,1
4532,13,1
4533,0,1
4534,11,1
4535,36,1
4536,26,1
4537,49,1
4538,44,1
4539,13,1
4540,49,1
4541,45,1
4542,4,1
4543,10,1
4544,32,1
4545,50,1
4546,17,1
4547,24,1
4548,29,1
4549,5,1
4550,37,1
4551,0,1
4552,28,1
4553,18,1
4554,29,1
4555,20,1
4556,24,1
4557,2,1
4558,22,1
4559,4,1
4560,29,1
4561,20,1
4562,51,1
4563,0,1
4564,46,1
4565,19,1
4566,26,1
4567,42,1
4568,40,1
4569,15,1
4570,10,1
4571,39,1
4572,16,1
4573,37,1
4574,5,1
4575,19,1
4576,43,1
4577,38,1
4578,6,1
4579,16,1
4580,14,1
4581,40,1
4582,44,1
4583,50,1
4584,30,1
4585,44,1
4586,47,1
4587,50,1
4588,38,1
4589,11,1
4590,42,1
4591,18,1
4592,31,1
4593,26,1
4594,28,1
4595,8,1
4596,38,1
4597,5,1
4598,16,1
4599,40,1
4600,10,1
4601,36,1
4602,30,1
4603,5,1
4604,45,1
4605,19,1
4606,6,1
4607,50,1
4608,51,1
4609,9,1
4610,50,1
4611,16,1
4612,3,1
4613,14,1
4614,22,1
4615,41,1
4616,15,1
4617,37,1
4618,40,1
4619,23,1
4620,45,1
4621,34,1
4622,5,1
4623,11,1
4624,24,1
4625,32,1
4626,21,1
4627,0,1
4628,34,1
4629,47,1
4630,24,1
4631,18,1
4632,17,1
4633,27,1
4634,50,1
4635,35,1
4636,39,1
4637,37,1
4638,27,1
4639,46,1
4640,31,1
4641,7,1
4642,8,1
4643,9,1
4644,6,1
4645,20,1
4646,31,1
4647,14,1
4648,18,1
4649,41,1
4650,30,1
4651,36,1
4652,32,1
4653,35,1
4654,0,1
4655,38,1
4656,16,1
4657,10,1
4658,21,1
4659,27,1
4660,46,1
4661,30,1
4662,21,1
4663,23,1
4664,30,1
4665,45,1
4666,41,1
4667,11,1
4668,50,1
4669,35,1
4670,51,1
4671,35,1
4672,25,1
4673,36,1
4674,3,1
4675,23,1
4676,48,1
4677,28,1
4678,14,1
4679,9,1
4680,11,1
4681,49,1
4682,27,1
4683,0,1
4684,7,1
4685,4,1
4686,2,1
4687,49,1
4688,3,1
4689,50,1
4690,34,1
4691,16,1
4692,40,1
4693,36,1
4694,48,1
4695,30,1
4696,37,1
4697,38,1
4698,33,1
4699,26,1
4700,29,1
4701,35,1
4702,30,1
4703,42,1
4704,23,1
4705,28,1
4706,4,1
4707,6,1
4708,18,1
4709,7,1
4710,20,1
4711,40,1
4712,45,1
4713,11,1
4714,46,1
4715,30,1
4716,15,1
4717,49,1
4718,33,1
4719,3,1
4720,27,1
4721,22,1
4722,18,1
4723,49,1
4724,12,1
4725,29,1
4726,33,1
4727,34,1
4728,13,1
4729,16,1
4730,50,1
4731,13,1
4732,14,1
4733,9,1
4734,6,1
4735,17,1
4736,20,1
4737,19,1
4738,6,1
4739,17,1
4740,27,1
4741,12,1
4742,29,1
4743,27,1
4744,47,1
4745,7,1
4746,7,1
4747,39,1
4748,51,1
4749,47,1
4750,42,1
4751,15,1
4752,36,1
4753,49,1
4754,32,1
4755,50,1
4756,40,1
4757,27,1
4758,7,1
4759,4,1
4760,31,1
4761,3,1
4762,34,1
4763,35,1
4764,47,1
4765,33,1
4766,44,1
4767,28,1
4768,30,1
4769,42,1
4770,13,1
4771,16,1
4772,28,1
4773,30,1
4774,0,1
4775,32,1
4776,31,1
4777,17,1
4778,35,1
4779,13,1
4780,13,1
4781,29,1
4782,17,1
4783,6,1
4784,48,1
4785,48,1
4786,40,1
4787,24,1
4788,18,1
4789,28,1
4790,5,1
4791,9,1
4792,36,1
4793,24,1
4794,6,1
4795,25,1
4796,0,1
4797,11,1
4798,30,1
4799,11,1
4800,3,1
4801,31,1
4802,0,1
4803,29,1
4804,6,1
4805,31,1
4806,23,1
4807,0,1
4808,43,1
4809,43,1
4810,36,1
4811,3,1
4812,22,1
4813,22,1
4814,26,1
4815,12,1
4816,33,1
4817,37,1
4818,31,1
4819,44,1
4820,18,1
4821,46,1
4822,43,1
4823,35,1
4824,46,1
4825,36,1
4826,14,1
4827,0,1
4828,15,1
4829,41,1
4830,20,1
4831,40,1
4832,30,1
4833,27,1
4834,33,1
4835,1,1
4836,37,1
4837,3,1
4838,19,1
4839,0,1
4840,11,1
4841,10,1
4842,41,1
4843,51,1
4844,36,1
4845,50,1
4846,1,1
4847,14,1
4848,8,1
4849,51,1
4850,27,1
4851,1,1
4852,51,1
4853,51,1
4854,15,1
4855,12,1
4856,32,1
4857,41,1
4858,38,1
4859,35,1
4860,47,1
4861,39,1
4862,43,1
4863,39,1
4864,36,1
4865,13,1
4866,16,1
4867,44,1
4868,18,1
4869,6,1
4870,3,1
4871,20,1
4872,5,1
4873,2,1
4874,28,1
4875,33,1
4876,24,1
4877,34,1
4878,19,1
4879,51,1
4880,10,1
4881,37,1
4882,17,1
4883,43,1
4884,0,1
4885,8,1
4886,40,1
4887,13,1
4888,42,1
4889,42,1
4890,49,1
4891,8,1
4892,23,1
4893,8,1
4894,49,1
4895,36,1
4896,42,1
4897,11,1
4898,8,1
4899,22,1
4900,13,1
4901,23,1
4902,30,1
4903,6,1
4904,35,1
4905,9,1
4906,16,1
4907,20,1
4908,15,1
4909,28,1
4910,28,1
4911,13,1
4912,1,1
4913,16,1
4914,45,1
4915,19,1
4916,47,1
4917,48,1
4918,37,1
4919,34,1
4920,10,1
4921,29,1
4922,19,1
4923,44,1
4924,2,1
4925,30,1
4926,41,1
4927,30,1
4928,42,1
4929,32,1
4930,27,1
4931,45,1
4932,10,1
4933,44,1
4934,22,1
4935,42,1
4936,31,1
4937,24,1
4938,14,1
4939,12,1
4940,49,1
4941,39,1
4942,38,1
4943,3,1
4944,5,1
4945,50,1
4946,41,1
4947,25,1
4948,48,1
4949,0,1
4950,5,1
4951,25,1
4952,42,1
4953,0,1
4954,44,1
4955,19,1
4956,41,1
4957,18,1
4958,10,1
4959,5,1
4960,11,1
4961,7,1
4962,26,1
4963,24,1
4964,10,1
4965,10,1
4966,13,1
4967,7,1
4968,47,1
4969,50,1
4970,28,1
4971,31,1
4972,39,1
4973,17,1
4974,32,1
4975,36,1
4976,21,1
4977,41,1
4978,17,1
4979,50,1
4980,44,1
4981,46,1
4982,29,1
4983,39,1
4984,40,1
4985,42,1
4986,34,1
4987,26,1
4988,13,1
4989,4,1
4990,1,1
4991,32,1
4992,4,1
4993,37,1
4994,21,1
4995,20,1
4996,44,1
4997,18,1
4998,19,1
4999,5,1
5000,16,1
5001,25,1
5002,35,1
5003,49,1
5004,22,1
5005,17,1
5006,3,1
5007,50,1
5008,7,1
5009,50,1
5010,38,1
5011,51,1
5012,17,1
5013,20,1
5014,6,1
5015,34,1
5016,49,1
5017,17,1
5018,16,1
5019,14,1
5020,20,1
5021,12,1
5022,9,1
5023,3,1
5024,15,1
5025,32,1
5026,17,1
5027,23,1
5028,4,1
5029,15,1
5030,50,1
5031,45,1
5032,36,1
5033,51,1
5034,47,1
5035,38,1
5036,19,1
5037,8,1
5038,1,1
5039,29,1
5040,35,1
5041,23,1
5042,44,1
5043,3,1
5044,28,1
5045,37,1
5046,50,1
5047,21,1
5048,10,1
5049,22,1
5050,11,1
5051,49,1
5052,44,1
5053,47,1
5054,15,1
5055,32,1
5056,39,1
5057,46,1
5058,1,1
5059,37,1
5060,4,1
5061,34,1
5062,13,1
5063,49,1
5064,42,1
5065,8,1
5066,28,1
5067,41,1
5068,5,1
5069,47,1
5070,50,1
5071,45,1
5072,31,1
5073,7,1
5074,26,1
5075,36,1
5076,25,1
5077,45,1
5078,34,1
5079,44,1
5080,38,1
5081,1,1
5082,31,1
5083,23,1
5084,43,1
5085,39,1
5086,9,1
5087,21,1
5088,26,1
5089,5,1
5090,21,1
5091,38,1
5092,17,1
5093,20,1
5094,39,1
5095,7,1
5096,36,1
5097,28,1
5098,22,1
5099,21,1
5100,47,1
5101,9,1
5102,3,1
5103,27,1
5104,44,1
5105,21,1
5106,26,1
5107,16,1
5108,18,1
5109,43,1
5110,17,1
5111,12,1
5112,32,1
5113,21,1
5114,1,1
5115,35,1
5116,49,1
5117,19,1
5118,17,1
5119,18,1
5120,45,1
5121,16,1
5122,43,1
5123,35,1
5124,33,1
5125,26,1
5126,14,1
5127,43,1
5128,10,1
5129,49,1
5130,18,1
5131,30,1
5132,30,1
5133,22,1
5134,2,1
5135,4,1
5136,37,1
5137,2,1
5138,7,1
5139,46,1
5140,5,1
5141,34,1
5142,33,1
5143,18,1
5144,16,1
5145,34,1
5146,22,1
5147,48,1
5148,45,1
5149,42,1
5150,32,1
5151,26,1
5152,16,1
5153,34,1
5154,36,1
5155,47,1
5156,14,1
5157,49,1
5158,8,1
5159,4,1
5160,0,1
5161,28,1
5162,6,1
5163,31,1
5164,24,1
5165,48,1
5166,26,1
5167,14,1
5168,4,1
5169,12,1
5170,31,1
5171,25,1
5172,38,1
5173,28,1
5174,42,1
5175,51,1
5176,24,1
5177,15,1
5178,2,1
5179,32,1
5180,27,1
5181,25,1
5182,5,1
5183,23,1
5184,4,1
5185,9,1
5186,4,1
5187,24,1
5188,29,1
5189,10,1
5190,14,1
5191,23,1
5192,13,1
5193,8,1
5194,51,1
5195,18,1
5196,41,1
5197,42,1
5198,37,1
5199,2,1
5200,38,1
5201,24,1
5202,15,1
5203,33,1
5204,21,1
5205,32,1
5206,48,1
5207,23,1
5208,28,1
5209,46,1
5210,47,1
5211,9,1
5212,33,1
5213,47,1
5214,25,1
5215,42,1
5216,21,1
5217,20,1
5218,8,1
5219,47,1
5220,7,1
5221,20,1
5222,8,1
5223,16,1
5224,20,1
5225,2,1
5226,41,1
5227,3,1
5228,36,1
5229,14,1
5230,30,1
5231,11,1
5232,10,1
5233,32,1
5234,39,1
5235,39,1
5236,43,1
5237,45,1
5238,38,1
5239,48,1
5240,15,1
5241,18,1
5242,42,1
5243,27,1
5244,23,1
5245,50,1
5246,48,1
5247,50,1
5248,48,1
5249,48,1
5250,8,1
5251,39,1
5252,37,1
5253,48,1
5254,47,1
5255,51,1
5256,50,1
5257,5,1
5258,12,1
5259,8,1
5260,39,1
5261,44,1
5262,31,1
5263,51,1
5264,49,1
5265,33,1
5266,7,1
5267,48,1
5268,38,1
5269,27,1
5270,23,1
5271,29,1
5272,39,1
5273,27,1
5274,42,1
5275,33,1
5276,32,1
5277,7,1
5278,49,1
5279,1,1
5280,42,1
5281,24,1
5282,13,1
5283,17,1
5284,3,1
5285,22,1
5286,11,1
5287,12,1
5288,38,1
5289,19,1
5290,51,1
5291,45,1
5292,17,1
5293,32,1
5294,49,1
5295,37,1
5296,11,1
5297,36,1
5298,50,1
5299,51,1
5300,10,1
5301,31,1
5302,48,1
5303,12,1
5304,3,1
5305,25,1
5306,40,1
5307,47,1
5308,25,1
5309,32,1
5310,22,1
5311,46,1
5312,6,1
5313,42,1
5314,42,1
5315,26,1
5316,13,1
5317,23,1
5318,1,1
5319,41,1
5320,12,1
5321,24,1
5322,9,1
5323,9,1
5324,35,1
5325,39,1
5326,23,1
5327,42,1
5328,49,1
5329,7,1
5330,32,1
5331,48,1
5332,24,1
5333,2,1
5334,47,1
5335,29,1
5336,34,1
5337,25,1
5338,27,1
5339,28,1
5340,33,1
5341,38,1
5342,33,1
5343,7,1
5344,36,1
5345,12,1
5346,28,1
5347,13,1
5348,40,1
5349,45,1
5350,33,1
5351,0,1
5352,6,1
5353,27,1
5354,11,1
5355,38,1
5356,14,1
5357,38,1
5358,22,1
5359,23,1
5360,24,1
5361,15,1
5362,13,1
5363,24,1
5364,2,1
5365,8,1
5366,48,1
5367,34,1
5368,26,1
5369,27,1
5370,34,1
5371,23,1
5372,29,1
5373,8,1
5374,6,1
5375,43,1
5376,25,1
5377,20,1
5378,2,1
5379,18,1
5380,23,1
5381,37,1
5382,43,1
5383,28,1
5384,30,1
5385,34,1
5386,38,1
5387,49,1
5388,7,1
5389,13,1
5390,49,1
5391,11,1
5392,46,1
5393,33,1
5394,38,1
5395,8,1
5396,13,1
5397,47,1
5398,45,1
5399,28,1
5400,48,1
5401,4,1
5402,24,1
5403,35,1
5404,31,1
5405,2,1
5406,33,1
5407,2,1
5408,45,1
5409,37,1
5410,27,1
5411,15,1
5412,29,1
5413,1,1
5414,45,1
5415,8,1
5416,23,1
5417,22,1
5418,34,1
5419,32,1
5420,19,1
5421,49,1
5422,35,1
5423,5,1
5424,8,1
5425,22,1
5426,34,1
5427,38,1
5428,41,1
5429,16,1
5430,49,1
5431,3,1
5432,30,1
5433,43,1
5434,29,1
5435,4,1
5436,42,1
5437,5,1
5438,41,1
5439,18,1
5440,10,1
5441,46,1
5442,38,1
5443,46,1
5444,46,1
5445,12,1
5446,28,1
5447,50,1
5448,17,1
5449,47,1
5450,3,1
5451,43,1
5452,9,1
5453,36,1
5454,20,1
5455,43,1
5456,42,1
5457,7,1
5458,50,1
5459,25,1
5460,38,1
5461,30,1
5462,6,1
5463,22,1
5464,28,1
5465,1,1
5466,44,1
5467,11,1
5468,32,1
5469,43,1
5470,30,1
5471,13,1
5472,38,1
5473,2,1
5474,45,1
5475,34,1
5476,23,1
5477,21,1
5478,51,1
5479,27,1
5480,2,1
5481,29,1
5482,10,1
5483,6,1
5484,45,1
5485,30,1
5486,49,1
5487,9,1
5488,9,1
5489,19,1
5490,5,1
5491,30,1
5492,38,1
5493,34,1
5494,36,1
5495,26,1
5496,50,1
5497,2,1
5498,1,1
5499,38,1
5500,30,1
5501,10,1
5502,34,1
5503,13,1
5504,51,1
5505,40,1
5506,16,1
5507,23,1
5508,47,1
5509,2,1
5510,4,1
5511,23,1
5512,50,1
5513,6,1
5514,24,1
5515,10,1
5516,28,1
5517,9,1
5518,2,1
5519,7,1
5520,51,1
5521,32,1
5522,28,1
5523,31,1
5524,12,1
5525,24,1
5526,28,1
5527,7,1
5528,49,1
5529,10,1
5530,3,1
5531,5,1
5532,1,1
5533,10,1
5534,20,1
5535,19,1
5536,27,1
5537,13,1
5538,3,1
5539,16,1
5540,50,1
5541,27,1
5542,35,1
5543,50,1
5544,34,1
5545,3,1
5546,10,1
5547,50,1
5548,2,1
5549,32,1
5550,33,1
5551,38,1
5552,9,1
5553,36,1
5554,9,1
5555,31,1
5556,13,1
5557,23,1
5558,27,1
5559,35,1
5560,50,1
5561,9,1
5562,17,1
5563,50,1
5564,22,1
5565,30,1
5566,3,1
5567,26,1
5568,16,1
5569,3,1
5570,1,1
5571,27,1
5572,23,1
5573,42,1
5574,6,1
5575,36,1
5576,1,1
5577,23,1
5578,4,1
5579,47,1
5580,34,1
5581,19,1
5582,37,1
5583,42,1
5584,5,1
5585,4,1
5586,47,1
5587,40,1
5588,8,1
5589,41,1
5590,20,1
5591,40,1
5592,14,1
5593,45,1
5594,37,1
5595,23,1
5596,5,1
5597,26,1
5598,8,1
5599,28,1
5600,24,1
5601,39,1
5602,19,1
5603,48,1
5604,24,1
5605,43,1
5606,13,1
5607,32,1
5608,9,1
5609,15,1
5610,44,1
5611,0,1
5612,43,1
5613,43,1
5614,5,1
5615,20,1
5616,0,1
5617,48,1
5618,14,1
5619,27,1
5620,23,1
5621,18,1
5622,5,1
5623,37,1
5624,44,1
5625,1,1
5626,12,1
5627,50,1
5628,32,1
5629,46,1
5630,25,1
5631,22,1
5632,36,1
5633,22,1
5634,33,1
5635,42,1
5636,24,1
5637,5,1
5638,30,1
5639,28,1
5640,27,1
5641,38,1
5642,40,1
5643,6,1
5644,36,1
5645,1,1
5646,5,1
5647,37,1
5648,43,1
5649,44,1
5650,27,1
5651,9,1
5652,14,1
5653,31,1
5654,36,1
5655,48,1
5656,38,1
5657,26,1
5658,6,1
5659,39,1
5660,28,1
5661,34,1
5662,0,1
5663,9,1
5664,18,1
5665,31,1
5666,22,1
5667,32,1
5668,17,1
5669,6,1
5670,16,1
5671,29,1
5672,40,1
5673,13,1
5674,18,1
5675,26,1
5676,9,1
5677,36,1
5678,21,1
5679,23,1
5680,3,1
5681,44,1
5682,47,1
5683,11,1
5684,14,1
5685,7,1
5686,0,1
5687,4,1
5688,46,1
5689,16,1
5690,30,1
5691,0,1
5692,32,1
5693,20,1
5694,16,1
5695,19,1
5696,30,1
5697,11,1
5698,38,1
5699,41,1
5700,49,1
5701,25,1
5702,12,1
5703,46,1
5704,4,1
5705,8,1
5706,33,1
5707,4,1
5708,30,1
5709,27,1
5710,37,1
5711,32,1
5712,37,1
5713,49,1
5714,6,1
5715,44,1
5716,11,1
5717,36,1
5718,8,1
5719,32,1
5720,30,1
5721,33,1
5722,48,1
5723,1,1
5724,40,1
5725,1,1
5726,5,1
5727,40,1
5728,25,1
5729,29,1
5730,49,1
5731,1,1
5732,10,1
5733,50,1
5734,32,1
5735,29,1
5736,7,1
5737,5,1
5738,30,1
5739,23,1
5740,35,1
5741,50,1
5742,13,1
5743,10,1
5744,29,1
5745,27,1
5746,16,1
5747,14,1
5748,37,1
5749,30,1
5750,14,1
5751,0,1
5752,14,1
5753,13,1
5754,50,1
5755,3,1
5756,41,1
5757,1,1
5758,30,1
5759,14,1
5760,45,1
5761,39,1
5762,5,1
5763,13,1
5764,0,1
5765,43,1
5766,40,1
5767,33,1
5768,2,1
5769,50,1
5770,0,1
5771,41,1
5772,25,1
5773,18,1
5774,14,1
5775,9,1
5776,24,1
5777,39,1
5778,1,1
5779,43,1
5780,11,1
5781,49,1
5782,29,1
5783,27,1
5784,1,1
5785,1,1
5786,39,1
5787,23,1
5788,7,1
5789,45,1
5790,25,1
5791,19,1
5792,18,1
5793,0,1
5794,32,1
5795,34,1
5796,41,1
5797,13,1
5798,40,1
5799,34,1
5800,36,1
5801,47,1
5802,15,1
5803,6,1
5804,9,1
5805,1,1
5806,38,1
5807,44,1
5808,4,1
5809,26,1
5810,19,1
5811,17,1
5812,35,1
5813,20,1
5814,5,1
5815,18,1
5816,42,1
5817,49,1
5818,40,1
5819,13,1
5820,33,1
5821,3,1
5822,38,1
5823,34,1
5824,26,1
5825,38,1
5826,33,1
5827,38,1
5828,42,1
5829,34,1
5830,20,1
5831,21,1
5832,30,1
5833,27,1
5834,44,1
5835,39,1
5836,30,1
5837,30,1
5838,3,1
5839,12,1
5840,11,1
5841,41,1
5842,6,1
5843,44,1
5844,13,1
5845,45,1
5846,39,1
5847,20,1
5848,7,1
5849,51,1
5850,7,1
5851,33,1
5852,21,1
5853,39,1
5854,45,1
5855,12,1
5856,36,1
5857,40,1
5858,2,1
5859,26,1
5860,33,1
5861,30,1
5862,33,1
5863,9,1
5864,20,1
5865,38,1
5866,3,1
5867,2,1
5868,3,1
5869,17,1
5870,18,1
5871,0,1
5872,13,1
5873,26,1
5874,45,1
5875,14,1
5876,19,1
5877,12,1
5878,23,1
5879,10,1
5880,18,1
5881,34,1
5882,18,1
5883,36,1
5884,48,1
5885,28,1
5886,29,1
5887,26,1
5888,17,1
5889,31,1
5890,6,1
5891,12,1
5892,26,1
5893,15,1
5894,43,1
5895,30,1
5896,16,1
5897,32,1
5898,4,1
5899,6,1
5900,11,1
5901,19,1
5902,29,1
5903,14,1
5904,30,1
5905,17,1
5906,40,1
5907,46,1
5908,34,1
5909,12,1
5910,5,1
5911,13,1
5912,27,1
5913,43,1
5914,14,1
5915,31,1
5916,8,1
5917,48,1
5918,8,1
5919,45,1
5920,13,1
5921,4,1
5922,24,1
5923,17,1
5924,26,1
5925,36,1
5926,26,1
5927,19,1
5928,24,1
5929,21,1
5930,18,1
5931,6,1
5932,45,1
5933,28,1
5934,6,1
5935,38,1
5936,16,1
5937,10,1
5938,51,1
5939,18,1
5940,3,1
5941,48,1
5942,1,1
5943,37,1
5944,41,1
5945,3,1
5946,15,1
5947,49,1
5948,0,1
5949,51,1
5950,34,1
5951,42,1
5952,33,1
5953,39,1
5954,48,1
5955,47,1
5956,43,1
5957,18,1
5958,43,1
5959,18,1
5960,31,1
5961,12,1
5962,0,1
5963,46,1
5964,51,1
5965,48,1
5966,2,1
5967,49,1
5968,12,1
5969,0,1
5970,23,1
5971,50,1
5972,8,1
5973,4,1
5974,30,1
5975,31,1
5976,38,1
5977,35,1
5978,1,1
5979,7,1
5980,42,1
5981,18,1
5982,7,1
5983,31,1
5984,1,1
5985,37,1
5986,2,1
5987,15,1
5988,24,1
5989,2,1
5990,0,1
5991,43,1
5992,32,1
5993,48,1
5994,9,1
5995,4,1
5996,38,1
5997,21,1
5998,26,1
5999,31,1
6000,1,1
6001,26,1
6002,14,1
6003,15,1
6004,50,1
6005,19,1
6006,27,1
6007,2,1
6008,34,1
6009,34,1
6010,2,1
6011,15,1
6012,11,1
6013,38,1
6014,18,1
6015,39,1
6016,8,1
6017,9,1
6018,35,1
6019,9,1
6020,24,1
6021,10,1
6022,5,1
6023,19,1
6024,40,1
6025,41,1
6026,31,1
6027,8,1
6028,40,1
6029,45,1
6030,18,1
6031,10,1
6032,48,1
6033,37,1
6034,37,1
6035,11,1
6036,41,1
6037,14,1
6038,49,1
6039,15,1
6040,41,1
6041,51,1
6042,15,1
6043,1,1
6044,36,1
6045,40,1
6046,0,1
6047,31,1
6048,46,1
6049,20,1
6050,51,1
6051,51,1
6052,5,1
6053,22,1
6054,7,1
6055,36,1
6056,10,1
6057,18,1
6058,44,1
6059,27,1
6060,6,1
6061,18,1
6062,34,1
6063,26,1
6064,31,1
6065,36,1
6066,27,1
6067,45,1
6068,35,1
6069,24,1
6070,4,1
6071,45,1
6072,2,1
6073,11,1
6074,7,1
6075,40,1
6076,16,1
6077,0,1
6078,27,1
6079,14,1
6080,27,1
6081,0,1
6082,42,1
6083,28,1
6084,12,1
6085,13,1
6086,21,1
6087,36,1
6088,21,1
6089,3,1
6090,34,1
6091,25,1
6092,28,1
6093,44,1
6094,1,1
6095,51,1
6096,38,1
6097,40,1
6098,50,1
6099,43,1
6100,25,1
6101,12,1
6102,33,1
6103,11,1
6104,3,1
6105,40,1
6106,16,1
6107,2,1
6108,18,1
6109,43,1
6110,12,1
6111,34,1
6112,38,1
6113,4,1
6114,8,1
6115,25,1
6116,48,1
6117,12,1
6118,35,1
6119,51,1
6120,0,1
6121,22,1
6122,33,1
6123,29,1
6124,1,1
6125,12,1
6126,19,1
6127,10,1
6128,18,1
6129,49,1
6130,33,1
6131,1,1
6132,31,1
6133,18,1
6134,41,1
6135,8,1
6136,11,1
6137,51,1
6138,38,1
6139,28,1
6140,23,1
6141,19,1
6142,49,1
6143,32,1
6144,1,1
6145,19,1
6146,44,1
6147,44,1
6148,30,1
6149,43,1
6150,47,1
6151,10,1
6152,42,1
6153,18,1
6154,32,1
6155,48,1
6156,42,1
6157,22,1
6158,50,1
6159,2,1
6160,29,1
6161,14,1
6162,40,1
6163,16,1
6164,16,1
6165,28,1
6166,11,1
6167,11,1
6168,19,1
6169,6,1
6170,26,1
6171,3,1
6172,0,1
6173,16,1
6174,44,1
6175,42,1
6176,19,1
6177,22,1
6178,23,1
6179,41,1
6180,32,1
6181,5,1
6182,9,1
6183,34,1
6184,49,1
6185,50,1
6186,28,1
6187,20,1
6188,10,1
6189,33,1
6190,49,1
6191,25,1
6192,36,1
6193,39,1
6194,32,1
6195,27,1
6196,47,1
6197,10,1
6198,13,1
6199,14,1
6200,35,1
6201,33,1
6202,41,1
6203,41,1
6204,21,1
6205,39,1
6206,0,1
6207,21,1
6208,25,1
6209,32,1
6210,4,1
6211,4,1
6212,46,1
6213,4,1
6214,16,1
6215,46,1
6216,9,1
6217,40,1
6218,23,1
6219,50,1
6220,20,1
6221,46,1
6222,39,1
6223,1,1
6224,45,1
6225,18,1
6226,4,1
6227,48,1
6228,13,1
6229,20,1
6230,37,1
6231,23,1
6232,10,1
6233,46,1
6234,39,1
6235,34,1
6236,9,1
6237,43,1
6238,3,1
6239,7,1
6240,39,1
6241,42,1
6242,46,1
6243,7,1
6244,8,1
6245,28,1
6246,43,1
6247,5,1
6248,10,1
6249,43,1
6250,13,1
6251,44,1
6252,10,1
6253,41,1
6254,33,1
6255,26,1
6256,32,1
6257,31,1
6258,18,1
6259,2,1
6260,17,1
6261,33,1
6262,18,1
6263,46,1
6264,26,1
6265,36,1
6266,39,1
6267,12,1
6268,12,1
6269,18,1
6270,47,1
6271,1,1
6272,39,1
6273,19,1
6274,12,1
6275,44,1
6276,14,1
6277,32,1
6278,37,1
6279,46,1
6280,12,1
6281,13,1
6282,10,1
6283,20,1
6284,48,1
6285,22,1
6286,35,1
6287,0,1
6288,1,1
6289,2,1
6290,20,1
6291,8,1
6292,14,1
6293,35,1
6294,9,1
6295,7,1
6296,6,1
6297,24,1
6298,38,1
6299,46,1
6300,49,1
6301,40,1
6302,16,1
6303,10,1
6304,45,1
6305,48,1
6306,41,1
6307,21,1
6308,33,1
6309,9,1
6310,37,1
6311,49,1
6312,4,1
6313,42,1
6314,12,1
6315,28,1
6316,43,1
6317,42,1
6318,6,1
6319,44,1
6320,41,1
6321,10,1
6322,20,1
6323,48,1
6324,10,1
6325,1,1
6326,1,1
6327,48,1
6328,48,1
6329,10,1
6330,37,1
6331,4,1
6332,30,1
6333,12,1
6334,14,1
6335,50,1
6336,33,1
6337,23,1
6338,50,1
6339,9,1
6340,46,1
6341,19,1
6342,1,1
6343,24,1
6344,51,1
6345,34,1
6346,10,1
6347,6,1
6348,0,1
6349,5,1
6350,33,1
6351,30,1
6352,9,1
6353,18,1
6354,39,1
6355,22,1
6356,5,1
6357,3,1
6358,18,1
6359,14,1
6360,43,1
6361,22,1
6362,35,1
6363,18,1
6364,12,1
6365,31,1
6366,13,1
6367,19,1
6368,13,1
6369,25,1
6370,43,1
6371,10,1
6372,38,1
6373,23,1
6374,0,1
6375,44,1
6376,11,1
6377,21,1
6378,10,1
6379,26,1
6380,25,1
6381,15,1
6382,35,1
6383,12,1
6384,48,1
6385,39,1
6386,4,1
6387,48,1
6388,15,1
6389,30,1
6390,3,1
6391,2,1
6392,23,1
6393,50,1
6394,29,1
6395,16,1
6396,47,1
6397,43,1
6398,30,1
6399,27,1
6400,31,1
6401,16,1
6402,48,1
6403,46,1
6404,0,1
6405,28,1
6406,26,1
6407,5,1
6408,23,1
6409,11,1
6410,43,1
6411,30,1
6412,15,1
6413,4,1
6414,30,1
6415,15,1
6416,27,1
6417,19,1
6418,49,1
6419,42,1
6420,10,1
6421,29,1
6422,9,1
6423,7,1
6424,41,1
6425,5,1
6426,27,1
6427,22,1
6428,17,1
6429,26,1
6430,47,1
6431,11,1
6432,32,1
6433,46,1
6434,38,1
6435,29,1
6436,43,1
6437,17,1
6438,44,1
6439,25,1
6440,50,1
6441,23,1
6442,43,1
6443,2,1
6444,8,1
6445,12,1
6446,42,1
6447,37,1
6448,10,1
6449,23,1
6450,37,1
6451,29,1
6452,50,1
6453,21,1
6454,29,1
6455,1,1
6456,44,1
6457,50,1
6458,37,1
6459,36,1
6460,33,1
6461,4,1
6462,0,1
6463,22,1
6464,46,1
6465,20,1
6466,41,1
6467,43,1
6468,9,1
6469,21,1
6470,22,1
6471,43,1
6472,36,1
6473,39,1
6474,25,1
6475,25,1
6476,2,1
6477,35,1
6478,32,1
6479,33,1
6480,29,1
6481,41,1
6482,28,1
6483,11,1
6484,37,1
6485,31,1
6486,19,1
6487,20,1
6488,30,1
6489,10,1
6490,37,1
6491,2,1
6492,21,1
6493,20,1
6494,13,1
6495,19,1
6496,43,1
6497,22,1
6498,27,1
6499,40,1
6500,50,1
6501,5,1
6502,39,1
6503,44,1
6504,46,1
6505,5,1
6506,7,1
6507,18,1
6508,38,1
6509,51,1
6510,26,1
6511,25,1
6512,15,1
6513,26,1
6514,10,1
6515,21,1
6516,0,1
6517,44,1
6518,35,1
6519,9,1
6520,43,1
6521,21,1
6522,8,1
6523,16,1
6524,47,1
6525,51,1
6526,4,1
6527,30,1
6528,10,1
6529,9,1
6530,1,1
6531,48,1
6532,40,1
6533,10,1
6534,16,1
6535,51,1
6536,28,1
6537,21,1
6538,12,1
6539,19,1
6540,30,1
6541,2,1
6542,43,1
6543,41,1
6544,42,1
6545,44,1
6546,38,1
6547,20,1
6548,30,1
6549,18,1
6550,4,1
6551,43,1
6552,10,1
6553,2,1
6554,50,1
6555,26,1
6556,34,1
6557,11,1
6558,21,1
6559,5,1
6560,11,1
6561,18,1
6562,7,1
6563,8,1
6564,39,1
6565,21,1
6566,40,1
6567,49,1
6568,49,1
6569,44,1
6570,30,1
6571,45,1
6572,22,1
6573,50,1
6574,2,1
6575,22,1
6576,22,1
6577,6,1
6578,22,1
6579,4,1
6580,48,1
6581,45,1
6582,47,1
6583,42,1
6584,5,1
6585,11,1
6586,44,1
6587,25,1
6588,47,1
6589,36,1
6590,41,1
6591,35,1
6592,51,1
6593,47,1
6594,1,1
6595,8,1
6596,23,1
6597,19,1
6598,45,1
6599,6,1
6600,37,1
6601,34,1
6602,1,1
6603,18,1
6604,47,1
6605,44,1
6606,0,1
6607,8,1
6608,4,1
6609,33,1
6610,51,1
6611,13,1
6612,11,1
6613,11,1
6614,14,1
6615,24,1
6616,39,1
6617,17,1
6618,12,1
6619,20,1
6620,39,1
6621,44,1
6622,49,1
6623,5,1
6624,14,1
6625,5,1
6626,29,1
6627,0,1
6628,24,1
6629,46,1
6630,37,1
6631,11,1
6632,1,1
6633,18,1
6634,31,1
6635,22,1
6636,0,1
6637,47,1
6638,48,1
6639,14,1
6640,29,1
6641,39,1
6642,38,1
6643,33,1
6644,0,1
6645,38,1
6646,25,1
6647,21,1
6648,36,1
6649,50,1
6650,26,1
6651,10,1
6652,23,1
6653,6,1
6654,45,1
6655,25,1
6656,29,1
6657,2,1
6658,14,1
6659,20,1
6660,9,1
6661,4,1
6662,6,1
6663,13,1
6664,32,1
6665,50,1
6666,24,1
6667,41,1
6668,41,1
6669,29,1
6670,2,1
6671,11,1
6672,50,1
6673,23,1
6674,9,1
6675,46,1
6676,13,1
6677,11,1
6678,29,1
6679,20,1
6680,11,1
6681,39,1
6682,30,1
6683,39,1
6684,0,1
6685,33,1
6686,41,1
6687,11,1
6688,9,1
6689,2,1
6690,8,1
6691,16,1
6692,19,1
6693,35,1
6694,43,1
6695,15,1
6696,49,1
6697,12,1
6698,1,1
6699,0,1
6700,44,1
6701,25,1
6702,26,1
6703,51,1
6704,2,1
6705,15,1
6706,40,1
6707,41,1
6708,4,1
6709,36,1
6710,32,1
6711,33,1
6712,47,1
6713,3,1
6714,33,1
6715,48,1
6716,46,1
6717,49,1
6718,30,1
6719,10,1
6720,17,1
6721,44,1
6722,35,1
6723,37,1
6724,33,1
6725,19,1
6726,3,1
6727,31,1
6728,44,1
6729,16,1
6730,22,1
6731,35,1
6732,18,1
6733,42,1
6734,23,1
6735,36,1
6736,34,1
6737,2,1
6738,24,1
6739,2,1
6740,2,1
6741,16,1
6742,47,1
6743,5,1
6744,6,1
6745,5,1
6746,16,1
6747,37,1
6748,42,1
6749,26,1
6750,46,1
6751,9,1
6752,42,1
6753,14,1
6754,8,1
6755,42,1
6756,5,1
6757,35,1
6758,28,1
6759,3,1
6760,49,1
6761,18,1
6762,1,1
6763,27,1
6764,12,1
6765,10,1
6766,21,1
6767,48,1
6768,1,1
6769,41,1
6770,44,1
6771,4,1
6772,23,1
6773,20,1
6774,40,1
6775,22,1
6776,24,1
6777,34,1
6778,47,1
6779,8,1
6780,29,1
6781,38,1
6782,29,1
6783,4,1
6784,2,1
6785,40,1
6786,48,1
6787,9,1
6788,1,1
6789,14,1
6790,43,1
6791,18,1
6792,45,1
6793,50,1
6794,5,1
6795,50,1
6796,31,1
6797,5,1
6798,16,1
6799,2,1
6800,9,1
6801,37,1
6802,43,1
6803,5,1
6804,41,1
6805,9,1
6806,36,1
6807,38,1
6808,26,1
6809,3,1
6810,39,1
6811,3,1
6812,9,1
6813,10,1
6814,43,1
6815,17,1
6816,40,1
6817,3,1
6818,44,1
6819,12,1
6820,27,1
6821,11,1
6822,21,1
6823,4,1
6824,45,1
6825,18,1
6826,2,1
6827,36,1
6828,33,1
6829,31,1
6830,43,1
6831,25,1
6832,30,1
6833,38,1
6834,7,1
6835,20,1
6836,15,1
6837,28,1
6838,37,1
6839,30,1
6840,40,1
6841,26,1
6842,38,1
6843,31,1
6844,46,1
6845,48,1
6846,41,1
6847,49,1
6848,9,1
6849,7,1
6850,45,1
6851,9,1
6852,41,1
6853,22,1
6854,15,1
6855,14,1
6856,45,1
6857,27,1
6858,0,1
6859,9,1
6860,24,1
6861,25,1
6862,34,1
6863,36,1
6864,18,1
6865,3,1
6866,11,1
6867,12,1
6868,44,1
6869,43,1
6870,25,1
6871,34,1
6872,14,1
6873,3,1
6874,25,1
6875,2,1
6876,10,1
6877,20,1
6878,1,1
6879,6,1
6880,50,1
6881,1,1
6882,24,1
6883,9,1
6884,15,1
6885,25,1
6886,46,1
6887,4,1
6888,9,1
6889,22,1
6890,40,1
6891,47,1
6892,27,1
6893,37,1
6894,39,1
6895,20,1
6896,19,1
6897,36,1
6898,9,1
6899,51,1
6900,30,1
6901,26,1
6902,28,1
6903,18,1
6904,33,1
6905,0,1
6906,22,1
6907,5,1
6908,26,1
6909,50,1
6910,42,1
6911,13,1
6912,30,1
6913,17,1
6914,17,1
6915,10,1
6916,41,1
6917,31,1
6918,47,1
6919,49,1
6920,21,1
6921,51,1
6922,8,1
6923,31,1
6924,27,1
6925,27,1
6926,15,1
6927,42,1
6928,43,1
6929,12,1
6930,28,1
6931,17,1
6932,32,1
6933,31,1
6934,9,1
6935,13,1
6936,28,1
6937,37,1
6938,20,1
6939,47,1
6940,24,1
6941,25,1
6942,51,1
6943,43,1
6944,4,1
6945,8,1
6946,50,1
6947,1,1
6948,23,1
6949,4,1
6950,19,1
6951,14,1
6952,39,1
6953,44,1
6954,1,1
6955,34,1
6956,46,1
6957,26,1
6958,26,1
6959,10,1
6960,28,1
6961,43,1
6962,25,1
6963,35,1
6964,24,1
6965,48,1
6966,11,1
6967,21,1
6968,51,1
6969,45,1
6970,42,1
6971,26,1
6972,19,1
6973,26,1
6974,27,1
6975,8,1
6976,15,1
6977,5,1
6978,8,1
6979,38,1
6980,15,1
6981,43,1
6982,35,1
6983,0,1
6984,30,1
6985,17,1
6986,3,1
6987,40,1
6988,38,1
6989,28,1
6990,21,1
6991,14,1
6992,9,1
6993,5,1
6994,21,1
6995,50,1
6996,14,1
6997,1,1
6998,41,1
6999,13,1
7000,34,1
7001,40,1
7002,31,1
7003,0,1
7004,40,1
7005,24,1
7006,28,1
7007,17,1
7008,50,1
7009,30,1
7010,33,1
7011,24,1
7012,1,1
7013,28,1
7014,35,1
7015,15,1
7016,23,1
7017,29,1
7018,48,1
7019,43,1
7020,31,1
7021,51,1
7022,31,1
7023,8,1
7024,17,1
7025,18,1
7026,19,1
7027,23,1
7028,40,1
7029,2,1
7030,18,1
7031,38,1
7032,15,1
7033,46,1
7034,51,1
7035,23,1
7036,41,1
7037,34,1
7038,49,1
7039,19,1
7040,9,1
7041,26,1
7042,15,1
7043,14,1
7044,33,1
7045,32,1
7046,47,1
7047,40,1
7048,37,1
7049,28,1
7050,12,1
7051,32,1
7052,13,1
7053,5,1
7054,15,1
7055,41,1
7056,38,1
7057,6,1
7058,10,1
7059,50,1
7060,25,1
7061,30,1
7062,48,1
7063,18,1
7064,16,1
7065,48,1
7066,47,1
7067,22,1
7068,6,1
7069,16,1
7070,10,1
7071,44,1
7072,34,1
7073,34,1
7074,41,1
7075,24,1
7076,50,1
7077,16,1
7078,0,1
7079,42,1
7080,19,1
7081,10,1
7082,28,1
7083,21,1
7084,36,1
7085,23,1
7086,20,1
7087,46,1
7088,8,1
7089,15,1
7090,16,1
7091,23,1
7092,17,1
7093,34,1
7094,49,1
7095,29,1
7096,20,1
7097,32,1
7098,24,1
7099,19,1
7100,38,1
7101,9,1
7102,1,1
7103,42,1
7104,3,1
7105,35,1
7106,28,1
7107,15,1
7108,14,1
7109,1,1
7110,30,1
7111,48,1
7112,42,1
7113,43,1
7114,46,1
7115,7,1
7116,26,1
7117,5,1
7118,27,1
7119,50,1
7120,33,1
7121,39,1
7122,26,1
7123,15,1
7124,11,1
7125,19,1
7126,28,1
7127,42,1
7128,31,1
7129,18,1
7130,40,1
7131,27,1
7132,31,1
7133,16,1
7134,15,1
7135,51,1
7136,51,1
7137,9,1
7138,39,1
7139,6,1
7140,22,1
7141,15,1
7142,50,1
7143,2,1
7144,44,1
7145,45,1
7146,39,1
7147,12,1
7148,20,1
7149,22,1
7150,12,1
7151,10,1
7152,41,1
7153,1,1
7154,20,1
7155,40,1
7156,11,1
7157,2,1
7158,11,1
7159,11,1
7160,26,1
7161,27,1
7162,18,1
7163,24,1
7164,6,1
7165,13,1
7166,0,1
7167,27,1
7168,26,1
7169,44,1
7170,6,1
7171,47,1
7172,47,1
7173,38,1
7174,18,1
7175,46,1
7176,29,1
7177,42,1
7178,21,1
7179,51,1
7180,19,1
7181,42,1
7182,30,1
7183,10,1
7184,41,1
7185,18,1
7186,51,1
7187,25,1
7188,7,1
7189,49,1
7190,23,1
7191,25,1
7192,2,1
7193,21,1
7194,2,1
7195,21,1
7196,31,1
7197,36,1
7198,50,1
7199,40,1
7200,15,1
7201,40,1
7202,7,1
7203,32,1
7204,21,1
7205,8,1
7206,20,1
7207,34,1
7208,11,1
7209,15,1
7210,26,1
7211,20,1
7212,14,1
7213,34,1
7214,41,1
7215,51,1
7216,18,1
7217,25,1
7218,1,1
7219,34,1
7220,37,1
7221,30,1
7222,48,1
7223,5,1
7224,42,1
7225,33,1
7226,47,1
7227,40,1
7228,30,1
7229,5,1
7230,42,1
7231,45,1
7232,46,1
7233,42,1
7234,50,1
7235,1,1
7236,39,1
7237,28,1
7238,12,1
7239,42,1
7240,19,1
7241,40,1
7242,16,1
7243,50,1
7244,20,1
7245,36,1
7246,15,1
7247,38,1
7248,42,1
7249,22,1
7250,1,1
7251,6,1
7252,38,1
7253,6,1
7254,43,1
7255,26,1
7256,12,1
7257,9,1
7258,41,1
7259,2,1
7260,7,1
7261,43,1
7262,24,1
7263,33,1
7264,36,1
7265,0,1
7266,46,1
7267,37,1
7268,0,1
7269,13,1
7270,42,1
7271,11,1
7272,33,1
7273,40,1
7274,14,1
7275,44,1
7276,28,1
7277,24,1
7278,46,1
7279,6,1
7280,30,1
7281,38,1
7282,44,1
7283,35,1
7284,28,1
7285,21,1
7286,14,1
7287,5,1
7288,0,1
7289,23,1
7290,38,1
7291,2,1
7292,23,1
7293,18,1
7294,39,1
7295,43,1
7296,25,1
7297,10,1
7298,5,1
7299,6,1
7300,41,1
7301,30,1
7302,10,1
7303,42,1
7304,29,1
7305,6,1
7306,15,1
7307,39,1
7308,36,1
7309,7,1
7310,44,1
7311,2,1
7312,24,1
7313,8,1
7314,17,1
7315,49,1
7316,30,1
7317,25,1
7318,29,1
7319,49,1
7320,42,1
7321,40,1
7322,41,1
7323,41,1
7324,3,1
7325,46,1
7326,3,1
7327,23,1
7328,23,1
7329,49,1
7330,26,1
7331,23,1
7332,22,1
7333,47,1
7334,43,1
7335,47,1
7336,8,1
7337,34,1
7338,31,1
7339,28,1
7340,31,1
7341,26,1
7342,2,1
7343,40,1
7344,28,1
7345,51,1
7346,15,1
7347,51,1
7348,27,1
7349,39,1
7350,23,1
7351,34,1
7352,23,1
7353,48,1
7354,22,1
7355,31,1
7356,7,1
7357,33,1
7358,39,1
7359,29,1
7360,21,1
7361,4,1
7362,27,1
7363,51,1
7364,14,1
7365,45,1
7366,41,1
7367,1,1
7368,17,1
7369,49,1
7370,2,1
7371,51,1
7372,5,1
7373,10,1
7374,49,1
7375,21,1
7376,6,1
7377,14,1
7378,43,1
7379,4,1
7380,30,1
7381,41,1
7382,0,1
7383,9,1
7384,8,1
7385,11,1
7386,33,1
7387,15,1
7388,12,1
7389,12,1
7390,26,1
7391,20,1
7392,5,1
7393,24,1
7394,12,1
7395,48,1
7396,22,1
7397,38,1
7398,10,1
7399,38,1
7400,23,1
7401,48,1
7402,17,1
7403,46,1
7404,20,1
7405,20,1
7406,25,1
7407,37,1
7408,0,1
7409,40,1
7410,38,1
7411,33,1
7412,20,1
7413,27,1
7414,1,1
7415,38,1
7416,22,1
7417,26,1
7418,37,1
7419,10,1
7420,33,1
7421,47,1
7422,42,1
7423,2,1
7424,19,1
7425,12,1
7426,4,1
7427,7,1
7428,43,1
7429,5,1
7430,1,1
7431,32,1
7432,35,1
7433,8,1
7434,23,1
7435,24,1
7436,0,1
7437,0,1
7438,25,1
7439,32,1
7440,17,1
7441,4,1
7442,10,1
7443,36,1
7444,51,1
7445,18,1
7446,24,1
7447,13,1
7448,31,1
7449,36,1
7450,2,1
7451,42,1
7452,34,1
7453,45,1
7454,4,1
7455,21,1
7456,18,1
7457,33,1
7458,9,1
7459,13,1
7460,19,1
7461,41,1
7462,19,1
7463,12,1
7464,41,1
7465,49,1
7466,29,1
7467,23,1
7468,28,1
7469,38,1
7470,36,1
7471,29,1
7472,7,1
7473,33,1
7474,37,1
7475,16,1
7476,16,1
7477,10,1
7478,49,1
7479,41,1
7480,31,1
7481,19,1
7482,41,1
7483,11,1
7484,39,1
7485,44,1
7486,5,1
7487,40,1
7488,5,1
7489,30,1
7490,42,1
7491,37,1
7492,47,1
7493,36,1
7494,6,1
7495,8,1
7496,5,1
7497,41,1
7498,4,1
7499,14,1
7500,41,1
7501,12,1
7502,5,1
7503,23,1
7504,31,1
7505,13,1
7506,49,1
7507,32,1
7508,46,1
7509,17,1
7510,29,1
7511,50,1
7512,7,1
7513,42,1
7514,48,1
7515,22,1
7516,41,1
7517,45,1
7518,38,1
7519,6,1
7520,37,1
7521,28,1
7522,38,1
7523,27,1
7524,32,1
7525,47,1
7526,14,1
7527,25,1
7528,5,1
7529,0,1
7530,23,1
7531,18,1
7532,23,1
7533,14,1
7534,5,1
7535,22,1
7536,45,1
7537,34,1
7538,24,1
7539,10,1
7540,51,1
7541,34,1
7542,27,1
7543,7,1
7544,29,1
7545,10,1
7546,27,1
7547,46,1
7548,0,1
7549,16,1
7550,36,1
7551,16,1
7552,38,1
7553,4,1
7554,3,1
7555,48,1
7556,28,1
7557,25,1
7558,28,1
7559,1,1
7560,47,1
7561,5,1
7562,34,1
7563,45,1
7564,16,1
7565,22,1
7566,45,1
7567,19,1
7568,36,1
7569,49,1
7570,24,1
7571,4,1
7572,1,1
7573,24,1
7574,29,1
7575,21,1
7576,26,1
7577,30,1
7578,33,1
7579,24,1
7580,49,1
7581,33,1
7582,19,1
7583,46,1
7584,20,1
7585,28,1
7586,32,1
7587,49,1
7588,43,1
7589,37,1
7590,18,1
7591,6,1
7592,10,1
7593,26,1
7594,27,1
7595,31,1
7596,27,1
7597,25,1
7598,16,1
7599,4,1
7600,12,1
7601,17,1
7602,34,1
7603,48,1
7604,6,1
7605,46,1
7606,50,1
7607,51,1
7608,4,1
7609,16,1
7610,20,1
7611,32,1
7612,38,1
7613,14,1
7614,49,1
7615,24,1
7616,11,1
7617,28,1
7618,34,1
7619,34,1
7620,1,1
7621,27,1
7622,27,1
7623,20,1
7624,22,1
7625,50,1
7626,35,1
7627,37,1
7628,40,1
7629,21,1
7630,43,1
7631,30,1
7632,1,1
7633,35,1
7634,37,1
7635,27,1
7636,21,1
7637,17,1
7638,11,1
7639,49,1
7640,31,1
7641,22,1
7642,30,1
7643,43,1
7644,51,1
7645,37,1
7646,47,1
7647,33,1
7648,13,1
7649,46,1
7650,35,1
7651,20,1
7652,47,1
7653,27,1
7654,26,1
7655,20,1
7656,0,1
7657,37,1
7658,19,1
7659,50,1
7660,48,1
7661,7,1
7662,7,1
7663,50,1
7664,44,1
7665,19,1
7666,47,1
7667,22,1
7668,20,1
7669,25,1
7670,16,1
7671,4,1
7672,44,1
7673,14,1
7674,36,1
7675,9,1
7676,16,1
7677,29,1
7678,35,1
7679,50,1
7680,28,1
7681,8,1
7682,20,1
7683,46,1
7684,49,1
7685,25,1
7686,48,1
7687,40,1
7688,0,1
7689,33,1
7690,18,1
7691,24,1
7692,5,1
7693,28,1
7694,40,1
7695,15,1
7696,47,1
7697,29,1
7698,24,1
7699,41,1
7700,16,1
7701,43,1
7702,47,1
7703,13,1
7704,35,1
7705,23,1
7706,42,1
7707,0,1
7708,48,1
7709,24,1
7710,31,1
7711,47,1
7712,45,1
7713,15,1
7714,30,1
7715,44,1
7716,29,1
7717,48,1
7718,11,1
7719,44,1
7720,22,1
7721,9,1
7722,8,1
7723,43,1
7724,24,1
7725,24,1
7726,28,1
7727,28,1
7728,23,1
7729,38,1
7730,18,1
7731,2,1
7732,0,1
7733,3,1
7734,17,1
7735,30,1
7736,45,1
7737,19,1
7738,48,1
7739,7,1
7740,50,1
7741,18,1
7742,40,1
7743,49,1
7744,27,1
7745,15,1
7746,50,1
7747,43,1
7748,35,1
7749,25,1
7750,28,1
7751,10,1
7752,22,1
7753,22,1
7754,49,1
7755,20,1
7756,49,1
7757,44,1
7758,38,1
7759,3,1
7760,19,1
7761,16,1
7762,43,1
7763,22,1
7764,27,1
7765,42,1
7766,1,1
7767,16,1
7768,15,1
7769,0,1
7770,43,1
7771,49,1
7772,14,1
7773,23,1
7774,42,1
7775,41,1
7776,11,1
7777,6,1
7778,39,1
7779,51,1
7780,27,1
7781,24,1
7782,48,1
7783,41,1
7784,22,1
7785,37,1
7786,29,1
7787,8,1
7788,14,1
7789,8,1
7790,8,1
7791,17,1
7792,35,1
7793,32,1
7794,40,1
7795,9,1
7796,41,1
7797,12,1
7798,48,1
7799,36,1
7800,26,1
7801,19,1
7802,1,1
7803,49,1
7804,3,1
7805,51,1
7806,38,1
7807,43,1
7808,6,1
7809,26,1
7810,18,1
7811,20,1
7812,39,1
7813,5,1
7814,15,1
7815,38,1
7816,17,1
7817,22,1
7818,28,1
7819,47,1
7820,16,1
7821,25,1
7822,14,1
7823,32,1
7824,40,1
7825,6,1
7826,25,1
7827,44,1
7828,4,1
7829,41,1
7830,20,1
7831,3,1
7832,0,1
7833,20,1
7834,2,1
7835,31,1
7836,15,1
7837,28,1
7838,25,1
7839,8,1
7840,27,1
7841,7,1
7842,41,1
7843,16,1
7844,12,1
7845,30,1
7846,25,1
7847,47,1
7848,44,1
7849,4,1
7850,12,1
7851,48,1
7852,18,1
7853,29,1
7854,9,1
7855,49,1
7856,37,1
7857,50,1
7858,29,1
7859,11,1
7860,22,1
7861,42,1
7862,46,1
7863,27,1
7864,3,1
7865,35,1
7866,12,1
7867,2,1
7868,18,1
7869,29,1
7870,42,1
7871,27,1
7872,33,1
7873,37,1
7874,38,1
7875,6,1
7876,11,1
7877,20,1
7878,14,1
7879,35,1
7880,29,1
7881,12,1
7882,39,1
7883,43,1
7884,31,1
7885,7,1
7886,15,1
7887,0,1
7888,4,1
7889,50,1
7890,7,1
7891,22,1
7892,51,1
7893,24,1
7894,26,1
7895,20,1
7896,20,1
7897,43,1
7898,8,1
7899,22,1
7900,48,1
7901,10,1
7902,14,1
7903,16,1
7904,0,1
7905,36,1
7906,6,1
7907,13,1
7908,0,1
7909,39,1
7910,16,1
7911,22,1
7912,10,1
7913,48,1
7914,51,1
7915,3,1
7916,51,1
7917,27,1
7918,46,1
7919,0,1
7920,21,1
7921,4,1
7922,30,1
7923,47,1
7924,50,1
7925,38,1
7926,25,1
7927,19,1
7928,20,1
7929,31,1
7930,19,1
7931,14,1
7932,10,1
7933,8,1
7934,12,1
7935,42,1
7936,41,1
7937,2,1
7938,24,1
7939,39,1
7940,17,1
7941,43,1
7942,1,1
7943,39,1
7944,3,1
7945,0,1
7946,25,1
7947,9,1
7948,2,1
7949,23,1
7950,18,1
7951,45,1
7952,39,1
7953,39,1
7954,5,1
7955,31,1
7956,8,1
7957,46,1
7958,36,1
7959,28,1
7960,29,1
7961,23,1
7962,32,1
7963,45,1
7964,48,1
7965,3,1
7966,22,1
7967,31,1
7968,37,1
7969,46,1
7970,11,1
7971,24,1
7972,7,1
7973,17,1
7974,1,1
7975,30,1
7976,17,1
7977,17,1
7978,45,1
7979,45,1
7980,47,1
7981,6,1
7982,5,1
7983,47,1
7984,32,1
7985,39,1
7986,46,1
7987,28,1
7988,49,1
7989,6,1
7990,11,1
7991,5,1
7992,6,1
7993,9,1
7994,2,1
7995,30,1
7996,18,1
7997,28,1
7998,50,1
7999,15,1
8000,44,1
8001,40,1
8002,28,1
8003,49,1
8004,27,1
8005,13,1
8006,12,1
8007,38,1
8008,13,1
8009,31,1
8010,37,1
8011,37,1
8012,45,1
8013,28,1
8014,31,1
8015,45,1
8016,17,1
8017,9,1
8018,36,1
8019,40,1
8020,49,1
8021,34,1
8022,44,1
8023,23,1
8024,25,1
8025,25,1
8026,5,1
8027,51,1
8028,49,1
8029,40,1
8030,33,1
8031,21,1
8032,30,1
8033,49,1
8034,28,1
8035,3,1
8036,12,1
8037,42,1
8038,12,1
8039,38,1
8040,17,1
8041,41,1
8042,42,1
8043,28,1
8044,27,1
8045,17,1
8046,33,1
8047,35,1
8048,6,1
8049,47,1
8050,29,1
8051,30,1
8052,25,1
8053,51,1
8054,40,1
8055,6,1
8056,19,1
8057,27,1
8058,43,1
8059,18,1
8060,28,1
8061,33,1
8062,5,1
8063,0,1
8064,39,1
8065,14,1
8066,42,1
8067,45,1
8068,7,1
8069,11,1
8070,24,1
8071,46,1
8072,48,1
8073,19,1
8074,13,1
8075,22,1
8076,14,1
8077,12,1
8078,1,1
8079,26,1
8080,4,1
8081,10,1
8082,9,1
8083,22,1
8084,6,1
8085,33,1
8086,0,1
8087,36,1
8088,16,1
8089,30,1
8090,23,1
8091,46,1
8092,45,1
8093,16,1
8094,12,1
8095,3,1
8096,22,1
8097,21,1
8098,42,1
8099,49,1
8100,5,1
8101,45,1
8102,40,1
8103,49,1
8104,20,1
8105,21,1
8106,48,1
8107,6,1
8108,32,1
8109,38,1
8110,2,1
8111,11,1
8112,21,1
8113,10,1
8114,16,1
8115,46,1
8116,47,1
8117,33,1
8118,44,1
8119,42,1
8120,42,1
8121,18,1
8122,5,1
8123,31,1
8124,34,1
8125,5,1
8126,10,1
8127,37,1
8128,24,1
8129,3,1
8130,28,1
8131,43,1
8132,49,1
8133,39,1
8134,29,1
8135,30,1
8136,40,1
8137,31,1
8138,46,1
8139,10,1
8140,28,1
8141,44,1
8142,19,1
8143,10,1
8144,43,1
8145,3,1
8146,1,1
8147,34,1
8148,27,1
8149,43,1
8150,44,1
8151,13,1
8152,15,1
8153,7,1
8154,47,1
8155,11,1
8156,36,1
8157,43,1
8158,43,1
8159,0,1
8160,14,1
8161,14,1
8162,42,1
8163,26,1
8164,42,1
8165,45,1
8166,44,1
8167,33,1
8168,48,1
8169,27,1
8170,34,1
8171,20,1
8172,17,1
8173,23,1
8174,2,1
8175,21,1
8176,16,1
8177,14,1
8178,11,1
8179,20,1
8180,40,1
8181,1,1
8182,37,1
8183,39,1
8184,40,1
8185,7,1
8186,50,1
8187,45,1
8188,8,1
8189,22,1
8190,38,1
8191,41,1
8192,25,1
8193,50,1
8194,8,1
8195,45,1
8196,37,1
8197,1,1
8198,31,1
8199,6,1
8200,1,1
8201,31,1
8202,39,1
8203,45,1
8204,45,1
8205,42,1
8206,16,1
8207,34,1
8208,14,1
8209,42,1
8210,24,1
8211,7,1
8212,21,1
8213,39,1
8214,10,1
8215,43,1
8216,33,1
8217,15,1
8218,26,1
8219,41,1
8220,33,1
8221,26,1
8222,48,1
8223,43,1
8224,50,1
8225,26,1
8226,27,1
8227,5,1
8228,40,1
8229,32,1
8230,8,1
8231,42,1
8232,25,1
8233,34,1
8234,0,1
8235,27,1
8236,41,1
8237,42,1
8238,32,1
8239,44,1
8240,12,1
8241,13,1
8242,41,1
8243,26,1
8244,29,1
8245,19,1
8246,35,1
8247,0,1
8248,21,1
8249,3,1
8250,12,1
8251,43,1
8252,2,1
8253,3,1
8254,47,1
8255,27,1
8256,24,1
8257,48,1
8258,20,1
8259,8,1
8260,33,1
8261,26,1
8262,23,1
8263,51,1
8264,2,1
8265,17,1
8266,15,1
8267,43,1
8268,3,1
8269,28,1
8270,25,1
8271,15,1
8272,48,1
8273,10,1
8274,30,1
8275,13,1
8276,6,1
8277,20,1
8278,0,1
8279,36,1
8280,50,1
8281,8,1
8282,27,1
8283,6,1
8284,36,1
8285,19,1
8286,12,1
8287,46,1
8288,6,1
8289,13,1
8290,16,1
8291,43,1
8292,44,1
8293,26,1
8294,8,1
8295,46,1
8296,14,1
8297,46,1
8298,51,1
8299,21,1
8300,9,1
8301,45,1
8302,14,1
8303,41,1
8304,41,1
8305,36,1
8306,3,1
8307,6,1
8308,44,1
8309,28,1
8310,48,1
8311,31,1
8312,20,1
8313,11,1
8314,4,1
8315,32,1
8316,46,1
8317,23,1
8318,44,1
8319,11,1
8320,51,1
8321,28,1
8322,10,1
8323,40,1
8324,10,1
8325,15,1
8326,0,1
8327,31,1
8328,36,1
8329,12,1
8330,25,1
8331,50,1
8332,17,1
8333,49,1
8334,4,1
8335,46,1
8336,28,1
8337,26,1
8338,33,1
8339,32,1
8340,3,1
8341,47,1
8342,13,1
8343,12,1
8344,48,1
8345,48,1
8346,23,1
8347,35,1
8348,43,1
8349,41,1
8350,51,1
8351,5,1
8352,24,1
8353,2,1
8354,15,1
8355,29,1
8356,32,1
8357,46,1
8358,26,1
8359,38,1
8360,22,1
8361,1,1
8362,22,1
8363,19,1
8364,12,1
8365,18,1
8366,47,1
8367,23,1
8368,8,1
8369,40,1
8370,13,1
8371,23,1
8372,41,1
8373,31,1
8374,22,1
8375,2,1
8376,9,1
8377,42,1
8378,12,1
8379,34,1
8380,2,1
8381,7,1
8382,44,1
8383,18,1
8384,3,1
8385,12,1
8386,20,1
8387,27,1
8388,6,1
8389,2,1
8390,27,1
8391,39,1
8392,5,1
8393,0,1
8394,9,1
8395,15,1
8396,18,1
8397,37,1
8398,26,1
8399,19,1
8400,35,1
8401,16,1
8402,4,1
8403,43,1
8404,12,1
8405,45,1
8406,34,1
8407,2,1
8408,16,1
8409,22,1
8410,14,1
8411,46,1
8412,40,1
8413,8,1
8414,47,1
8415,23,1
8416,51,1
8417,13,1
8418,17,1
8419,0,1
8420,25,1
8421,34,1
8422,4,1
8423,31,1
8424,50,1
8425,35,1
8426,8,1
8427,5,1
8428,33,1
8429,30,1
8430,41,1
8431,42,1
8432,51,1
8433,48,1
8434,22,1
8435,3,1
8436,13,1
8437,18,1
8438,29,1
8439,27,1
8440,35,1
8441,37,1
8442,35,1
8443,30,1
8444,36,1
8445,38,1
8446,12,1
8447,9,1
8448,45,1
8449,27,1
8450,49,1
8451,28,1
8452,23,1
8453,43,1
8454,37,1
8455,29,1
8456,8,1
8457,16,1
8458,30,1
8459,47,1
8460,47,1
8461,33,1
8462,51,1
8463,45,1
8464,24,1
8465,36,1
8466,12,1
8467,35,1
8468,36,1
8469,44,1
8470,17,1
8471,51,1
8472,46,1
8473,19,1
8474,51,1
8475,23,1
8476,15,1
8477,39,1
8478,14,1
8479,41,1
8480,5,1
8481,49,1
8482,35,1
8483,15,1
8484,0,1
8485,35,1
8486,51,1
8487,32,1
8488,29,1
8489,13,1
8490,39,1
8491,5,1
8492,40,1
8493,2,1
8494,49,1
8495,32,1
8496,15,1
8497,50,1
8498,26,1
8499,16,1
8500,50,1
8501,19,1
8502,28,1
8503,32,1
8504,21,1
8505,23,1
8506,20,1
8507,11,1
8508,32,1
8509,47,1
8510,4,1
8511,0,1
8512,12,1
8513,50,1
8514,12,1
8515,50,1
8516,18,1
8517,34,1
8518,43,1
8519,1,1
8520,8,1
8521,18,1
8522,42,1
8523,4,1
8524,22,1
8525,14,1
8526,30,1
8527,38,1
8528,22,1
8529,1,1
8530,22,1
8531,16,1
8532,5,1
8533,20,1
8534,43,1
8535,13,1
8536,1,1
8537,12,1
8538,43,1
8539,46,1
8540,30,1
8541,31,1
8542,28,1
8543,49,1
8544,4,1
8545,24,1
8546,12,1
8547,42,1
8548,21,1
8549,41,1
8550,15,1
8551,24,1
8552,9,1
8553,27,1
8554,51,1
8555,2,1
8556,33,1
8557,23,1
8558,40,1
8559,40,1
8560,2,1
8561,5,1
8562,16,1
8563,48,1
8564,46,1
8565,31,1
8566,24,1
8567,9,1
8568,2,1
8569,38,1
8570,32,1
8571,16,1
8572,26,1
8573,32,1
8574,10,1
8575,51,1
8576,22,1
8577,47,1
8578,42,1
8579,25,1
8580,24,1
8581,51,1
8582,16,1
8583,7,1
8584,29,1
8585,11,1
8586,50,1
8587,23,1
8588,33,1
8589,32,1
8590,45,1
8591,0,1
8592,24,1
8593,46,1
8594,45,1
8595,49,1
8596,45,1
8597,48,1
8598,23,1
8599,43,1
8600,47,1
8601,24,1
8602,37,1
8603,48,1
8604,44,1
8605,41,1
8606,9,1
8607,14,1
8608,19,1
8609,24,1
8610,25,1
8611,6,1
8612,43,1
8613,49,1
8614,10,1
8615,12,1
8616,51,1
8617,25,1
8618,23,1
8619,6,1
8620,9,1
8621,28,1
8622,41,1
8623,40,1
8624,37,1
8625,39,1
8626,38,1
8627,29,1
8628,7,1
8629,19,1
8630,47,1
8631,26,1
8632,45,1
8633,27,1
8634,14,1
8635,51,1
8636,51,1
8637,30,1
8638,30,1
8639,42,1
8640,26,1
8641,10,1
8642,39,1
8643,29,1
8644,16,1
8645,48,1
8646,31,1
8647,31,1
8648,34,1
8649,17,1
8650,1,1
8651,16,1
8652,42,1
8653,8,1
8654,34,1
8655,27,1
8656,50,1
8657,49,1
8658,22,1
8659,15,1
8660,19,1
8661,18,1
8662,7,1
8663,11,1
8664,48,1
8665,25,1
8666,47,1
8667,36,1
8668,27,1
8669,18,1
8670,1,1
8671,17,1
8672,36,1
8673,20,1
8674,26,1
8675,12,1
8676,5,1
8677,42,1
8678,40,1
8679,23,1
8680,8,1
8681,16,1
8682,28,1
8683,47,1
8684,7,1
8685,50,1
8686,23,1
8687,49,1
8688,24,1
8689,26,1
8690,7,1
8691,17,1
8692,41,1
8693,7,1
8694,17,1
8695,40,1
8696,21,1
8697,30,1
8698,10,1
8699,3,1
8700,36,1
8701,51,1
8702,15,1
8703,20,1
8704,14,1
8705,16,1
8706,37,1
8707,34,1
8708,24,1
8709,13,1
8710,7,1
8711,42,1
8712,20,1
8713,43,1
8714,23,1
8715,24,1
8716,20,1
8717,9,1
8718,13,1
8719,14,1
8720,15,1
8721,35,1
8722,15,1
8723,43,1
8724,0,1
8725,9,1
8726,36,1
8727,39,1
8728,35,1
8729,43,1
8730,44,1
8731,47,1
8732,5,1
8733,41,1
8734,31,1
8735,5,1
8736,43,1
8737,28,1
8738,49,1
8739,8,1
8740,17,1
8741,25,1
8742,20,1
8743,44,1
8744,0,1
8745,37,1
8746,19,1
8747,31,1
8748,19,1
8749,14,1
8750,30,1
8751,31,1
8752,21,1
8753,2,1
8754,6,1
8755,9,1
8756,48,1
8757,4,1
8758,14,1
8759,41,1
8760,42,1
8761,49,1
8762,21,1
8763,27,1
8764,43,1
8765,42,1
8766,29,1
8767,26,1
8768,40,1
8769,16,1
8770,18,1
8771,19,1
8772,30,1
8773,9,1
8774,19,1
8775,25,1
8776,3,1
8777,43,1
8778,10,1
8779,18,1
8780,43,1
8781,8,1
8782,8,1
8783,15,1
8784,17,1
8785,26,1
8786,4,1
8787,6,1
8788,42,1
8789,2,1
8790,4,1
8791,30,1
8792,8,1
8793,10,1
8794,6,1
8795,33,1
8796,6,1
8797,9,1
8798,33,1
8799,33,1
8800,20,1
8801,37,1
8802,20,1
8803,18,1
8804,18,1
8805,3,1
8806,29,1
8807,8,1
8808,51,1
8809,7,1
8810,2,1
8811,5,1
8812,44,1
8813,38,1
8814,38,1
8815,22,1
8816,6,1
8817,48,1
8818,48,1
8819,35,1
8820,51,1
8821,43,1
8822,29,1
8823,47,1
8824,45,1
8825,1,1
8826,36,1
8827,47,1
8828,51,1
8829,40,1
8830,45,1
8831,9,1
8832,48,1
8833,27,1
8834,22,1
8835,28,1
8836,23,1
8837,23,1
8838,37,1
8839,48,1
8840,11,1
8841,35,1
8842,24,1
8843,5,1
8844,23,1
8845,19,1
8846,18,1
8847,43,1
8848,9,1
8849,46,1
8850,16,1
8851,44,1
8852,7,1
8853,10,1
8854,25,1
8855,31,1
8856,51,1
8857,26,1
8858,25,1
8859,4,1
8860,46,1
8861,23,1
8862,33,1
8863,38,1
8864,25,1
8865,25,1
8866,6,1
8867,26,1
8868,42,1
8869,31,1
8870,26,1
8871,10,1
8872,25,1
8873,22,1
8874,38,1
8875,44,1
8876,24,1
8877,26,1
8878,0,1
8879,16,1
8880,27,1
8881,5,1
8882,39,1
8883,47,1
8884,45,1
8885,41,1
8886,14,1
8887,18,1
8888,33,1
8889,31,1
8890,31,1
8891,35,1
8892,12,1
8893,22,1
8894,42,1
8895,42,1
8896,32,1
8897,41,1
8898,49,1
8899,23,1
8900,46,1
8901,43,1
8902,33,1
8903,30,1
8904,27,1
8905,15,1
8906,35,1
8907,41,1
8908,37,1
8909,7,1
8910,13,1
8911,15,1
8912,13,1
8913,39,1
8914,48,1
8915,27,1
8916,10,1
8917,44,1
8918,39,1
8919,31,1
8920,28,1
8921,35,1
8922,38,1
8923,28,1
8924,27,1
8925,33,1
8926,4,1
8927,46,1
8928,16,1
8929,21,1
8930,27,1
8931,25,1
8932,4,1
8933,49,1
8934,37,1
8935,29,1
8936,1,1
8937,15,1
8938,4,1
8939,0,1
8940,39,1
8941,35,1
8942,29,1
8943,40,1
8944,36,1
8945,8,1
8946,34,1
8947,34,1
8948,42,1
8949,2,1
8950,33,1
8951,24,1
8952,42,1
8953,21,1
8954,47,1
8955,7,1
8956,27,1
8957,50,1
8958,31,1
8959,12,1
8960,47,1
8961,29,1
8962,23,1
8963,38,1
8964,38,1
8965,51,1
8966,24,1
8967,18,1
8968,26,1
8969,1,1
8970,21,1
8971,44,1
8972,33,1
8973,1,1
8974,20,1
8975,3,1
8976,40,1
8977,21,1
8978,36,1
8979,29,1
8980,9,1
8981,17,1
8982,9,1
8983,12,1
8984,10,1
8985,42,1
8986,14,1
8987,31,1
8988,34,1
8989,32,1
8990,5,1
8991,5,1
8992,49,1
8993,13,1
8994,26,1
8995,25,1
8996,44,1
8997,19,1
8998,50,1
8999,31,1
9000,26,1
9001,4,1
9002,50,1
9003,13,1
9004,33,1
9005,16,1
9006,43,1
9007,21,1
9008,18,1
9009,49,1
9010,11,1
9011,43,1
9012,41,1
9013,39,1
9014,51,1
9015,14,1
9016,19,1
9017,7,1
9018,23,1
9019,32,1
9020,39,1
9021,45,1
9022,26,1
9023,50,1
9024,2,1
9025,47,1
9026,44,1
9027,27,1
9028,8,1
9029,17,1
9030,8,1
9031,46,1
9032,47,1
9033,14,1
9034,43,1
9035,14,1
9036,31,1
9037,12,1
9038,28,1
9039,6,1
9040,48,1
9041,42,1
9042,20,1
9043,38,1
9044,28,1
9045,15,1
9046,41,1
9047,19,1
9048,26,1
9049,8,1
9050,10,1
9051,8,1
9052,51,1
9053,16,1
9054,8,1
9055,5,1
9056,22,1
9057,8,1
9058,2,1
9059,37,1
9060,40,1
9061,8,1
9062,45,1
9063,20,1
9064,2,1
9065,24,1
9066,48,1
9067,19,1
9068,27,1
9069,47,1
9070,18,1
9071,46,1
9072,6,1
9073,29,1
9074,44,1
9075,11,1
9076,41,1
9077,32,1
9078,50,1
9079,8,1
9080,8,1
9081,15,1
9082,30,1
9083,34,1
9084,16,1
9085,8,1
9086,21,1
9087,35,1
9088,19,1
9089,44,1
9090,0,1
9091,14,1
9092,18,1
9093,17,1
9094,15,1
9095,14,1
9096,2,1
9097,23,1
9098,9,1
9099,22,1
9100,33,1
9101,39,1
9102,19,1
9103,45,1
9104,10,1
9105,26,1
9106,10,1
9107,3,1
9108,9,1
9109,42,1
9110,28,1
9111,26,1
9112,10,1
9113,2,1
9114,23,1
9115,39,1
9116,28,1
9117,34,1
9118,23,1
9119,19,1
9120,35,1
9121,9,1
9122,16,1
9123,51,1
9124,22,1
9125,36,1
9126,48,1
9127,7,1
9128,38,1
9129,23,1
9130,1,1
9131,26,1
9132,29,1
9133,14,1
9134,36,1
9135,3,1
9136,43,1
9137,43,1
9138,17,1
9139,39,1
9140,47,1
9141,20,1
9142,6,1
9143,3,1
9144,38,1
9145,18,1
9146,6,1
9147,35,1
9148,11,1
9149,8,1
9150,28,1
9151,5,1
9152,4,1
9153,4,1
9154,19,1
9155,11,1
9156,35,1
9157,40,1
9158,12,1
9159,0,1
9160,27,1
9161,25,1
9162,49,1
9163,32,1
9164,36,1
9165,32,1
9166,1,1
9167,38,1
9168,23,1
9169,42,1
9170,11,1
9171,39,1
9172,51,1
9173,42,1
9174,45,1
9175,8,1
9176,25,1
9177,42,1
9178,43,1
9179,39,1
9180,36,1
9181,4,1
9182,17,1
9183,33,1
9184,35,1
9185,51,1
9186,19,1
9187,3,1
9188,28,1
9189,46,1
9190,18,1
9191,19,1
9192,26,1
9193,38,1
9194,45,1
9195,15,1
9196,24,1
9197,15,1
9198,30,1
9199,4,1
9200,20,1
9201,46,1
9202,16,1
9203,16,1
9204,12,1
9205,33,1
9206,23,1
9207,8,1
9208,13,1
9209,38,1
9210,8,1
9211,23,1
9212,19,1
9213,39,1
9214,46,1
9215,35,1
9216,28,1
9217,7,1
9218,23,1
9219,14,1
9220,16,1
9221,8,1
9222,46,1
9223,36,1
9224,24,1
9225,30,1
9226,4,1
9227,15,1
9228,19,1
9229,41,1
9230,3,1
9231,44,1
9232,11,1
9233,33,1
9234,7,1
9235,17,1
9236,40,1
9237,3,1
9238,47,1
9239,21,1
9240,16,1
9241,46,1
9242,44,1
9243,26,1
9244,32,1
9245,48,1
9246,30,1
9247,20,1
9248,0,1
9249,42,1
9250,25,1
9251,37,1
9252,50,1
9253,51,1
9254,27,1
9255,21,1
9256,13,1
9257,10,1
9258,22,1
9259,12,1
9260,48,1
9261,26,1
9262,6,1
9263,41,1
9264,6,1
9265,9,1
9266,27,1
9267,1,1
9268,29,1
9269,30,1
9270,29,1
9271,39,1
9272,39,1
9273,38,1
9274,21,1
9275,47,1
9276,13,1
9277,28,1
9278,40,1
9279,3,1
9280,11,1
9281,23,1
9282,4,1
9283,18,1
9284,23,1
9285,11,1
9286,48,1
9287,17,1
9288,10,1
9289,37,1
9290,19,1
9291,41,1
9292,28,1
9293,0,1
9294,39,1
9295,37,1
9296,37,1
9297,9,1
9298,48,1
9299,50,1
9300,7,1
9301,50,1
9302,31,1
9303,24,1
9304,13,1
9305,13,1
9306,16,1
9307,45,1
9308,24,1
9309,40,1
9310,14,1
9311,42,1
9312,29,1
9313,37,1
9314,10,1
9315,8,1
9316,3,1
9317,27,1
9318,6,1
9319,32,1
9320,19,1
9321,37,1
9322,18,1
9323,23,1
9324,1,1
9325,42,1
9326,3,1
9327,21,1
9328,31,1
9329,24,1
9330,34,1
9331,38,1
9332,23,1
9333,37,1
9334,30,1
9335,13,1
9336,45,1
9337,17,1
9338,12,1
9339,3,1
9340,44,1
9341,44,1
9342,7,1
9343,24,1
9344,2,1
9345,27,1
9346,49,1
9347,42,1
9348,1,1
9349,30,1
9350,37,1
9351,21,1
9352,20,1
9353,38,1
9354,31,1
9355,13,1
9356,45,1
9357,18,1
9358,22,1
9359,32,1
9360,18,1
9361,14,1
9362,5,1
9363,13,1
9364,39,1
9365,31,1
9366,24,1
9367,27,1
9368,36,1
9369,47,1
9370,31,1
9371,10,1
9372,27,1
9373,9,1
9374,6,1
9375,24,1
9376,34,1
9377,7,1
9378,27,1
9379,26,1
9380,36,1
9381,41,1
9382,48,1
9383,11,1
9384,38,1
9385,46,1
9386,51,1
9387,1,1
9388,51,1
9389,40,1
9390,27,1
9391,4,1
9392,50,1
9393,22,1
9394,23,1
9395,44,1
9396,31,1
9397,27,1
9398,37,1
9399,3,1
9400,10,1
9401,31,1
9402,10,1
9403,35,1
9404,43,1
9405,27,1
9406,43,1
9407,31,1
9408,22,1
9409,46,1
9410,5,1
9411,6,1
9412,33,1
9413,18,1
9414,35,1
9415,49,1
9416,43,1
9417,27,1
9418,11,1
9419,34,1
9420,20,1
9421,49,1
9422,12,1
9423,1,1
9424,7,1
9425,44,1
9426,47,1
9427,4,1
9428,45,1
9429,9,1
9430,35,1
9431,9,1
9432,45,1
9433,12,1
9434,29,1
9435,1,1
9436,35,1
9437,14,1
9438,10,1
9439,33,1
9440,45,1
9441,21,1
9442,1,1
9443,21,1
9444,41,1
9445,46,1
9446,21,1
9447,14,1
9448,6,1
9449,35,1
9450,4,1
9451,32,1
9452,20,1
9453,28,1
9454,12,1
9455,48,1
9456,7,1
9457,36,1
9458,14,1
9459,26,1
9460,4,1
9461,34,1
9462,2,1
9463,29,1
9464,35,1
9465,38,1
9466,20,1
9467,40,1
9468,10,1
9469,34,1
9470,3,1
9471,46,1
9472,33,1
9473,35,1
9474,35,1
9475,11,1
9476,15,1
9477,13,1
9478,24,1
9479,51,1
9480,20,1
9481,2,1
9482,4,1
9483,45,1
9484,13,1
9485,14,1
9486,9,1
9487,11,1
9488,21,1
9489,26,1
9490,37,1
9491,34,1
9492,12,1
9493,42,1
9494,41,1
9495,40,1
9496,9,1
9497,0,1
9498,13,1
9499,43,1
9500,42,1
9501,35,1
9502,16,1
9503,40,1
9504,4,1
9505,0,1
9506,45,1
9507,1,1
9508,8,1
9509,48,1
9510,4,1
9511,31,1
9512,12,1
9513,0,1
9514,23,1
9515,41,1
9516,7,1
9517,12,1
9518,49,1
9519,13,1
9520,34,1
9521,0,1
9522,20,1
9523,20,1
9524,27,1
9525,4,1
9526,14,1
9527,28,1
9528,34,1
9529,32,1
9530,17,1
9531,32,1
9532,28,1
9533,23,1
9534,44,1
9535,7,1
9536,18,1
9537,44,1
9538,14,1
9539,21,1
9540,51,1
9541,26,1
9542,48,1
9543,35,1
9544,19,1
9545,37,1
9546,31,1
9547,21,1
9548,27,1
9549,44,1
9550,11,1
9551,29,1
9552,15,1
9553,4,1
9554,29,1
9555,19,1
9556,23,1
9557,33,1
9558,8,1
9559,3,1
9560,39,1
9561,20,1
9562,24,1
9563,24,1
9564,48,1
9565,20,1
9566,5,1
9567,11,1
9568,35,1
9569,51,1
9570,0,1
9571,14,1
9572,37,1
9573,43,1
9574,11,1
9575,1,1
9576,25,1
9577,7,1
9578,16,1
9579,45,1
9580,13,1
9581,3,1
9582,1,1
9583,44,1
9584,39,1
9585,47,1
9586,0,1
9587,9,1
9588,17,1
9589,9,1
9590,7,1
9591,3,1
9592,50,1
9593,36,1
9594,44,1
9595,3,1
9596,27,1
9597,22,1
9598,16,1
9599,5,1
9600,48,1
9601,31,1
9602,33,1
9603,50,1
9604,0,1
9605,35,1
9606,11,1
9607,8,1
9608,11,1
9609,46,1
9610,16,1
9611,8,1
9612,28,1
9613,21,1
9614,41,1
9615,32,1
9616,21,1
9617,44,1
9618,7,1
9619,20,1
9620,5,1
9621,21,1
9622,27,1
9623,34,1
9624,40,1
9625,10,1
9626,41,1
9627,2,1
9628,38,1
9629,12,1
9630,47,1
9631,37,1
9632,35,1
9633,9,1
9634,10,1
9635,50,1
9636,37,1
9637,7,1
9638,30,1
9639,7,1
9640,39,1
9641,24,1
9642,34,1
9643,7,1
9644,47,1
9645,35,1
9646,14,1
9647,35,1
9648,40,1
9649,26,1
9650,28,1
9651,22,1
9652,18,1
9653,29,1
9654,11,1
9655,13,1
9656,36,1
9657,31,1
9658,19,1
9659,37,1
9660,22,1
9661,19,1
9662,34,1
9663,23,1
9664,37,1
9665,46,1
9666,33,1
9667,38,1
9668,45,1
9669,47,1
9670,27,1
9671,31,1
9672,13,1
9673,7,1
9674,35,1
9675,22,1
9676,32,1
9677,44,1
9678,27,1
9679,15,1
9680,15,1
9681,26,1
9682,5,1
9683,16,1
9684,49,1
9685,26,1
9686,0,1
9687,45,1
9688,48,1
9689,19,1
9690,12,1
9691,31,1
9692,51,1
9693,22,1
9694,30,1
9695,33,1
9696,22,1
9697,41,1
9698,0,1
9699,20,1
9700,4,1
9701,41,1
9702,6,1
9703,8,1
9704,18,1
9705,9,1
9706,2,1
9707,1,1
9708,16,1
9709,11,1
9710,44,1
9711,3,1
9712,0,1
9713,13,1
9714,48,1
9715,22,1
9716,49,1
9717,14,1
9718,41,1
9719,31,1
9720,18,1
9721,51,1
9722,26,1
9723,27,1
9724,2,1
9725,0,1
9726,9,1
9727,5,1
9728,42,1
9729,18,1
9730,45,1
9731,43,1
9732,33,1
9733,44,1
9734,17,1
9735,12,1
9736,29,1
9737,33,1
9738,24,1
9739,37,1
9740,46,1
9741,5,1
9742,39,1
9743,36,1
9744,34,1
9745,15,1
9746,8,1
9747,23,1
9748,36,1
9749,9,1
9750,6,1
9751,8,1
9752,27,1
9753,49,1
9754,5,1
9755,28,1
9756,11,1
9757,43,1
9758,24,1
9759,29,1
9760,21,1
9761,28,1
9762,19,1
9763,19,1
9764,25,1
9765,8,1
9766,36,1
9767,15,1
9768,17,1
9769,0,1
9770,4,1
9771,12,1
9772,4,1
9773,31,1
9774,22,1
9775,42,1
9776,49,1
9777,13,1
9778,8,1
9779,20,1
9780,12,1
9781,10,1
9782,41,1
9783,27,1
9784,27,1
9785,47,1
9786,45,1
9787,25,1
9788,15,1
9789,38,1
9790,17,1
9791,0,1
9792,51,1
9793,33,1
9794,42,1
9795,31,1
9796,16,1
9797,15,1
9798,33,1
9799,14,1
9800,12,1
9801,19,1
9802,38,1
9803,41,1
9804,19,1
9805,14,1
9806,0,1
9807,31,1
9808,6,1
9809,43,1
9810,8,1
9811,12,1
9812,24,1
9813,11,1
9814,42,1
9815,33,1
9816,3,1
9817,25,1
9818,26,1
9819,35,1
9820,29,1
9821,19,1
9822,43,1
9823,12,1
9824,13,1
9825,27,1
9826,20,1
9827,22,1
9828,45,1
9829,11,1
9830,22,1
9831,29,1
9832,26,1
9833,12,1
9834,46,1
9835,50,1
9836,28,1
9837,10,1
9838,45,1
9839,49,1
9840,19,1
9841,46,1
9842,22,1
9843,27,1
9844,11,1
9845,19,1
9846,2,1
9847,36,1
9848,9,1
9849,9,1
9850,36,1
9851,48,1
9852,26,1
9853,50,1
9854,23,1
9855,30,1
9856,51,1
9857,23,1
9858,45,1
9859,23,1
9860,26,1
9861,23,1
9862,36,1
9863,11,1
9864,31,1
9865,39,1
9866,8,1
9867,25,1
9868,17,1
9869,18,1
9870,33,1
9871,18,1
9872,7,1
9873,41,1
9874,18,1
9875,11,1
9876,16,1
9877,24,1
9878,21,1
9879,22,1
9880,36,1
9881,2,1
9882,41,1
9883,45,1
9884,8,1
9885,9,1
9886,23,1
9887,41,1
9888,44,1
9889,1,1
9890,4,1
9891,35,1
9892,13,1
9893,51,1
9894,29,1
9895,7,1
9896,17,1
9897,26,1
9898,50,1
9899,27,1
9900,11,1
9901,10,1
9902,28,1
9903,40,1
9904,27,1
9905,10,1
9906,49,1
9907,50,1
9908,1,1
9909,44,1
9910,43,1
9911,7,1
9912,17,1
9913,1,1
9914,37,1
9915,23,1
9916,6,1
9917,42,1
9918,4,1
9919,33,1
9920,45,1
9921,16,1
9922,13,1
9923,43,1
9924,2,1
9925,48,1
9926,0,1
9927,24,1
9928,5,1
9929,27,1
9930,41,1
9931,17,1
9932,24,1
9933,49,1
9934,31,1
9935,10,1
9936,7,1
9937,35,1
9938,25,1
9939,26,1
9940,48,1
9941,34,1
9942,0,1
9943,39,1
9944,20,1
9945,2,1
9946,14,1
9947,18,1
9948,15,1
9949,28,1
9950,23,1
9951,15,1
9952,0,1
9953,27,1
9954,51,1
9955,16,1
9956,0,1
9957,4,1
9958,10,1
9959,20,1
9960,3,1
9961,49,1
9962,9,1
9963,29,1
9964,36,1
9965,42,1
9966,20,1
9967,30,1
9968,42,1
9969,3,1
9970,6,1
9971,28,1
9972,34,1
9973,40,1
9974,19,1
9975,12,1
9976,30,1
9977,10,1
9978,23,1
9979,20,1
9980,6,1
9981,13,1
9982,23,1
9983,37,1
9984,19,1
9985,17,1
9986,1,1
9987,17,1
9988,36,1
9989,36,1
9990,28,1
9991,48,1
9992,28,1
9993,47,1
9994,8,1
9995,1,1
9996,12,1
9997,1,1
9998,50,1
9999,49,1
